notebook_id,cell_id,cell_index,code_cell_ordinal,source_sha256,classification,classification_rationale,workflow_capability_group,input_contract,output_contract,material_side_effects,public_release_disposition,implementation_symbol,cli_config_route,test_node_id,evidence_path
NB-A01-ARCHIVE-0013,NB-A01-ARCHIVE-0013-C0000,0,0,e1e61c644aee5fbf7baf12e900edb00dfa3468a20a7b86d7a0ec8f70437ec56f,NON_OPERATIONAL,Sealed inventory classifies this occurrence as DUPLICATE_EXACT; it is not a runtime workflow cell.,NOT_APPLICABLE,NOT_APPLICABLE,NOT_APPLICABLE,NOT_APPLICABLE,EXCLUDED_NON_OPERATIONAL_DUPLICATE_EXACT,NOT_APPLICABLE,NOT_APPLICABLE,NOT_APPLICABLE,manifests/sealed_cell_classification_authority.csv#NB-A01-ARCHIVE-0013-C0000
NB-A01-ARCHIVE-0013,NB-A01-ARCHIVE-0013-C0001,1,1,4bda1e496ee93bf62a8f549aab74b28724993432c30088873b82c1cc02231c7f,NON_OPERATIONAL,Sealed inventory classifies this occurrence as DUPLICATE_EXACT; it is not a runtime workflow cell.,NOT_APPLICABLE,NOT_APPLICABLE,NOT_APPLICABLE,NOT_APPLICABLE,EXCLUDED_NON_OPERATIONAL_DUPLICATE_EXACT,NOT_APPLICABLE,NOT_APPLICABLE,NOT_APPLICABLE,manifests/sealed_cell_classification_authority.csv#NB-A01-ARCHIVE-0013-C0001
NB-A01-ARCHIVE-0013,NB-A01-ARCHIVE-0013-C0002,2,2,993f2425d6b62786fdd47170414fc56d5dbededc3752b3b9c7547d72f9988e7d,NON_OPERATIONAL,Sealed inventory classifies this occurrence as DUPLICATE_EXACT; it is not a runtime workflow cell.,NOT_APPLICABLE,NOT_APPLICABLE,NOT_APPLICABLE,NOT_APPLICABLE,EXCLUDED_NON_OPERATIONAL_DUPLICATE_EXACT,NOT_APPLICABLE,NOT_APPLICABLE,NOT_APPLICABLE,manifests/sealed_cell_classification_authority.csv#NB-A01-ARCHIVE-0013-C0002
NB-A01-ARCHIVE-0013,NB-A01-ARCHIVE-0013-C0003,3,3,e67b1fa566e66a65fde236fc6988d966b3c97cc39b5eaaa70df64c8242a6527b,NON_OPERATIONAL,Sealed inventory classifies this occurrence as DUPLICATE_EXACT; it is not a runtime workflow cell.,NOT_APPLICABLE,NOT_APPLICABLE,NOT_APPLICABLE,NOT_APPLICABLE,EXCLUDED_NON_OPERATIONAL_DUPLICATE_EXACT,NOT_APPLICABLE,NOT_APPLICABLE,NOT_APPLICABLE,manifests/sealed_cell_classification_authority.csv#NB-A01-ARCHIVE-0013-C0003
NB-A01-ARCHIVE-0013,NB-A01-ARCHIVE-0013-C0004,4,4,be42aa07d12bea3245acd1e2593e5e43bfd16ab8fb7e83143a75f6b3c8b4fb0b,NON_OPERATIONAL,Sealed inventory classifies this occurrence as DUPLICATE_EXACT; it is not a runtime workflow cell.,NOT_APPLICABLE,NOT_APPLICABLE,NOT_APPLICABLE,NOT_APPLICABLE,EXCLUDED_NON_OPERATIONAL_DUPLICATE_EXACT,NOT_APPLICABLE,NOT_APPLICABLE,NOT_APPLICABLE,manifests/sealed_cell_classification_authority.csv#NB-A01-ARCHIVE-0013-C0004
NB-A01-ARCHIVE-0013,NB-A01-ARCHIVE-0013-C0005,5,5,4ea3e4a0d697a8ce1762a8332a4916b0c1d45db19c0f2a9991691d455a6fe333,NON_OPERATIONAL,Sealed inventory classifies this occurrence as DUPLICATE_EXACT; it is not a runtime workflow cell.,NOT_APPLICABLE,NOT_APPLICABLE,NOT_APPLICABLE,NOT_APPLICABLE,EXCLUDED_NON_OPERATIONAL_DUPLICATE_EXACT,NOT_APPLICABLE,NOT_APPLICABLE,NOT_APPLICABLE,manifests/sealed_cell_classification_authority.csv#NB-A01-ARCHIVE-0013-C0005
NB-A01-ARCHIVE-0013,NB-A01-ARCHIVE-0013-C0006,6,6,37a31c244b46126f18b37f651b070efcec1db4e7b749075d690177aae2917633,NON_OPERATIONAL,Sealed inventory classifies this occurrence as DUPLICATE_EXACT; it is not a runtime workflow cell.,NOT_APPLICABLE,NOT_APPLICABLE,NOT_APPLICABLE,NOT_APPLICABLE,EXCLUDED_NON_OPERATIONAL_DUPLICATE_EXACT,NOT_APPLICABLE,NOT_APPLICABLE,NOT_APPLICABLE,manifests/sealed_cell_classification_authority.csv#NB-A01-ARCHIVE-0013-C0006
NB-A01-ARCHIVE-0013,NB-A01-ARCHIVE-0013-C0007,8,7,6a92258529099737f6d3b74c91c5c9445f7ddcfb6bc6142539008d0ed37fae78,NON_OPERATIONAL,Sealed inventory classifies this occurrence as DUPLICATE_EXACT; it is not a runtime workflow cell.,NOT_APPLICABLE,NOT_APPLICABLE,NOT_APPLICABLE,NOT_APPLICABLE,EXCLUDED_NON_OPERATIONAL_DUPLICATE_EXACT,NOT_APPLICABLE,NOT_APPLICABLE,NOT_APPLICABLE,manifests/sealed_cell_classification_authority.csv#NB-A01-ARCHIVE-0013-C0007
NB-A01-ARCHIVE-0013,NB-A01-ARCHIVE-0013-C0008,9,8,bde33adb973e2d570d37400594844419b9e14a6907c087ad2cc0ff46d6b4f8fe,NON_OPERATIONAL,Sealed inventory classifies this occurrence as DUPLICATE_EXACT; it is not a runtime workflow cell.,NOT_APPLICABLE,NOT_APPLICABLE,NOT_APPLICABLE,NOT_APPLICABLE,EXCLUDED_NON_OPERATIONAL_DUPLICATE_EXACT,NOT_APPLICABLE,NOT_APPLICABLE,NOT_APPLICABLE,manifests/sealed_cell_classification_authority.csv#NB-A01-ARCHIVE-0013-C0008
NB-A01-ARCHIVE-0013,NB-A01-ARCHIVE-0013-C0009,10,9,de11be5e121a54f06b8b62e6f7ad14360302656f5d6a15c8d6d932d60bb2aed1,NON_OPERATIONAL,Sealed inventory classifies this occurrence as DUPLICATE_EXACT; it is not a runtime workflow cell.,NOT_APPLICABLE,NOT_APPLICABLE,NOT_APPLICABLE,NOT_APPLICABLE,EXCLUDED_NON_OPERATIONAL_DUPLICATE_EXACT,NOT_APPLICABLE,NOT_APPLICABLE,NOT_APPLICABLE,manifests/sealed_cell_classification_authority.csv#NB-A01-ARCHIVE-0013-C0009
NB-A01-ARCHIVE-0013,NB-A01-ARCHIVE-0013-C0010,11,10,e3b0c44298fc1c149afbf4c8996fb92427ae41e4649b934ca495991b7852b855,NON_OPERATIONAL,Sealed inventory classifies this occurrence as DUPLICATE_EXACT; it is not a runtime workflow cell.,NOT_APPLICABLE,NOT_APPLICABLE,NOT_APPLICABLE,NOT_APPLICABLE,EXCLUDED_NON_OPERATIONAL_DUPLICATE_EXACT,NOT_APPLICABLE,NOT_APPLICABLE,NOT_APPLICABLE,manifests/sealed_cell_classification_authority.csv#NB-A01-ARCHIVE-0013-C0010
NB-A01-LIVE-0001,NB-A01-LIVE-0001-C0000,0,0,a94f6549c8dddf5addbc6f6dbdc1dc921300b6441a4c9bf2098d31a93c984c8d,NON_OPERATIONAL,Sealed inventory classifies this occurrence as EXCLUDED_WITH_REASON; it is not a runtime workflow cell.,NOT_APPLICABLE,NOT_APPLICABLE,NOT_APPLICABLE,NOT_APPLICABLE,EXCLUDED_NON_OPERATIONAL_EXCLUDED_WITH_REASON,NOT_APPLICABLE,NOT_APPLICABLE,NOT_APPLICABLE,manifests/sealed_cell_classification_authority.csv#NB-A01-LIVE-0001-C0000
NB-A01-LIVE-0001,NB-A01-LIVE-0001-C0001,1,1,4bda1e496ee93bf62a8f549aab74b28724993432c30088873b82c1cc02231c7f,NON_OPERATIONAL,Sealed inventory classifies this occurrence as EXCLUDED_WITH_REASON; it is not a runtime workflow cell.,NOT_APPLICABLE,NOT_APPLICABLE,NOT_APPLICABLE,NOT_APPLICABLE,EXCLUDED_NON_OPERATIONAL_EXCLUDED_WITH_REASON,NOT_APPLICABLE,NOT_APPLICABLE,NOT_APPLICABLE,manifests/sealed_cell_classification_authority.csv#NB-A01-LIVE-0001-C0001
NB-A01-LIVE-0001,NB-A01-LIVE-0001-C0002,2,2,993f2425d6b62786fdd47170414fc56d5dbededc3752b3b9c7547d72f9988e7d,NON_OPERATIONAL,Sealed inventory classifies this occurrence as EXCLUDED_WITH_REASON; it is not a runtime workflow cell.,NOT_APPLICABLE,NOT_APPLICABLE,NOT_APPLICABLE,NOT_APPLICABLE,EXCLUDED_NON_OPERATIONAL_EXCLUDED_WITH_REASON,NOT_APPLICABLE,NOT_APPLICABLE,NOT_APPLICABLE,manifests/sealed_cell_classification_authority.csv#NB-A01-LIVE-0001-C0002
NB-A01-LIVE-0001,NB-A01-LIVE-0001-C0003,3,3,e67b1fa566e66a65fde236fc6988d966b3c97cc39b5eaaa70df64c8242a6527b,NON_OPERATIONAL,Sealed inventory classifies this occurrence as EXCLUDED_WITH_REASON; it is not a runtime workflow cell.,NOT_APPLICABLE,NOT_APPLICABLE,NOT_APPLICABLE,NOT_APPLICABLE,EXCLUDED_NON_OPERATIONAL_EXCLUDED_WITH_REASON,NOT_APPLICABLE,NOT_APPLICABLE,NOT_APPLICABLE,manifests/sealed_cell_classification_authority.csv#NB-A01-LIVE-0001-C0003
NB-A01-LIVE-0001,NB-A01-LIVE-0001-C0004,4,4,be42aa07d12bea3245acd1e2593e5e43bfd16ab8fb7e83143a75f6b3c8b4fb0b,NON_OPERATIONAL,Sealed inventory classifies this occurrence as EXCLUDED_WITH_REASON; it is not a runtime workflow cell.,NOT_APPLICABLE,NOT_APPLICABLE,NOT_APPLICABLE,NOT_APPLICABLE,EXCLUDED_NON_OPERATIONAL_EXCLUDED_WITH_REASON,NOT_APPLICABLE,NOT_APPLICABLE,NOT_APPLICABLE,manifests/sealed_cell_classification_authority.csv#NB-A01-LIVE-0001-C0004
NB-A01-LIVE-0001,NB-A01-LIVE-0001-C0005,5,5,de095452427c914424fded0e0992d952d3f4d870cf83ef86a2f164091f5515eb,NON_OPERATIONAL,Sealed inventory classifies this occurrence as EXCLUDED_WITH_REASON; it is not a runtime workflow cell.,NOT_APPLICABLE,NOT_APPLICABLE,NOT_APPLICABLE,NOT_APPLICABLE,EXCLUDED_NON_OPERATIONAL_EXCLUDED_WITH_REASON,NOT_APPLICABLE,NOT_APPLICABLE,NOT_APPLICABLE,manifests/sealed_cell_classification_authority.csv#NB-A01-LIVE-0001-C0005
NB-A01-LIVE-0001,NB-A01-LIVE-0001-C0006,6,6,977733da1e2fb3c482e30dcc1e4c8ca8bc38647f1a8c2f0cc42f535e3491fb46,NON_OPERATIONAL,Sealed inventory classifies this occurrence as EXCLUDED_WITH_REASON; it is not a runtime workflow cell.,NOT_APPLICABLE,NOT_APPLICABLE,NOT_APPLICABLE,NOT_APPLICABLE,EXCLUDED_NON_OPERATIONAL_EXCLUDED_WITH_REASON,NOT_APPLICABLE,NOT_APPLICABLE,NOT_APPLICABLE,manifests/sealed_cell_classification_authority.csv#NB-A01-LIVE-0001-C0006
NB-A01-LIVE-0001,NB-A01-LIVE-0001-C0007,8,7,8088a259b8debce617b8101802f28455c47872a1c17bdc20ec95dad0f33ce486,NON_OPERATIONAL,Sealed inventory classifies this occurrence as EXCLUDED_WITH_REASON; it is not a runtime workflow cell.,NOT_APPLICABLE,NOT_APPLICABLE,NOT_APPLICABLE,NOT_APPLICABLE,EXCLUDED_NON_OPERATIONAL_EXCLUDED_WITH_REASON,NOT_APPLICABLE,NOT_APPLICABLE,NOT_APPLICABLE,manifests/sealed_cell_classification_authority.csv#NB-A01-LIVE-0001-C0007
NB-A01-LIVE-0001,NB-A01-LIVE-0001-C0008,9,8,f74a5f3ac5e22372807a2d5e57185ef9d445b1f4b4d1744c729503d452424442,NON_OPERATIONAL,Sealed inventory classifies this occurrence as EXCLUDED_WITH_REASON; it is not a runtime workflow cell.,NOT_APPLICABLE,NOT_APPLICABLE,NOT_APPLICABLE,NOT_APPLICABLE,EXCLUDED_NON_OPERATIONAL_EXCLUDED_WITH_REASON,NOT_APPLICABLE,NOT_APPLICABLE,NOT_APPLICABLE,manifests/sealed_cell_classification_authority.csv#NB-A01-LIVE-0001-C0008
NB-A01-LIVE-0001,NB-A01-LIVE-0001-C0009,10,9,7dbcab6e770d54c27d57561d6986e03917cb90408bb149fe6b6bd9805ef7a0ad,NON_OPERATIONAL,Sealed inventory classifies this occurrence as EXCLUDED_WITH_REASON; it is not a runtime workflow cell.,NOT_APPLICABLE,NOT_APPLICABLE,NOT_APPLICABLE,NOT_APPLICABLE,EXCLUDED_NON_OPERATIONAL_EXCLUDED_WITH_REASON,NOT_APPLICABLE,NOT_APPLICABLE,NOT_APPLICABLE,manifests/sealed_cell_classification_authority.csv#NB-A01-LIVE-0001-C0009
NB-A01-LIVE-0001,NB-A01-LIVE-0001-C0010,11,10,9b656febb934cdb07c58545d2d7593e5dfef3f08df85fa2a88326fbad2fd3d0d,NON_OPERATIONAL,Sealed inventory classifies this occurrence as EXCLUDED_WITH_REASON; it is not a runtime workflow cell.,NOT_APPLICABLE,NOT_APPLICABLE,NOT_APPLICABLE,NOT_APPLICABLE,EXCLUDED_NON_OPERATIONAL_EXCLUDED_WITH_REASON,NOT_APPLICABLE,NOT_APPLICABLE,NOT_APPLICABLE,manifests/sealed_cell_classification_authority.csv#NB-A01-LIVE-0001-C0010
NB-A01-LIVE-0001,NB-A01-LIVE-0001-C0011,12,11,5d8b263df598ada41a512b8be7a151bb5b73459116e7987d478367dea5c18a4b,NON_OPERATIONAL,Sealed inventory classifies this occurrence as EXCLUDED_WITH_REASON; it is not a runtime workflow cell.,NOT_APPLICABLE,NOT_APPLICABLE,NOT_APPLICABLE,NOT_APPLICABLE,EXCLUDED_NON_OPERATIONAL_EXCLUDED_WITH_REASON,NOT_APPLICABLE,NOT_APPLICABLE,NOT_APPLICABLE,manifests/sealed_cell_classification_authority.csv#NB-A01-LIVE-0001-C0011
NB-A01-LIVE-0001,NB-A01-LIVE-0001-C0012,14,12,919c4a5aca87a83bfcbb6895fa98071c4cd4465c4c6f181525469d08fbb2d9d2,NON_OPERATIONAL,Sealed inventory classifies this occurrence as EXCLUDED_WITH_REASON; it is not a runtime workflow cell.,NOT_APPLICABLE,NOT_APPLICABLE,NOT_APPLICABLE,NOT_APPLICABLE,EXCLUDED_NON_OPERATIONAL_EXCLUDED_WITH_REASON,NOT_APPLICABLE,NOT_APPLICABLE,NOT_APPLICABLE,manifests/sealed_cell_classification_authority.csv#NB-A01-LIVE-0001-C0012
NB-A01-LIVE-0001,NB-A01-LIVE-0001-C0013,15,13,b237cd2c63a5b76a939cd6499ec94e0fff8205b88d4ad08a8390456144ea2eb1,NON_OPERATIONAL,Sealed inventory classifies this occurrence as EXCLUDED_WITH_REASON; it is not a runtime workflow cell.,NOT_APPLICABLE,NOT_APPLICABLE,NOT_APPLICABLE,NOT_APPLICABLE,EXCLUDED_NON_OPERATIONAL_EXCLUDED_WITH_REASON,NOT_APPLICABLE,NOT_APPLICABLE,NOT_APPLICABLE,manifests/sealed_cell_classification_authority.csv#NB-A01-LIVE-0001-C0013
NB-A01-LIVE-0001,NB-A01-LIVE-0001-C0014,16,14,0fae7b5107a02925cc75caa75fcf0363bea478be43193424ec08e8e94af38e91,NON_OPERATIONAL,Sealed inventory classifies this occurrence as EXCLUDED_WITH_REASON; it is not a runtime workflow cell.,NOT_APPLICABLE,NOT_APPLICABLE,NOT_APPLICABLE,NOT_APPLICABLE,EXCLUDED_NON_OPERATIONAL_EXCLUDED_WITH_REASON,NOT_APPLICABLE,NOT_APPLICABLE,NOT_APPLICABLE,manifests/sealed_cell_classification_authority.csv#NB-A01-LIVE-0001-C0014
NB-A01-LIVE-0001,NB-A01-LIVE-0001-C0015,17,15,e3b0c44298fc1c149afbf4c8996fb92427ae41e4649b934ca495991b7852b855,NON_OPERATIONAL,Sealed inventory classifies this occurrence as EXCLUDED_WITH_REASON; it is not a runtime workflow cell.,NOT_APPLICABLE,NOT_APPLICABLE,NOT_APPLICABLE,NOT_APPLICABLE,EXCLUDED_NON_OPERATIONAL_EXCLUDED_WITH_REASON,NOT_APPLICABLE,NOT_APPLICABLE,NOT_APPLICABLE,manifests/sealed_cell_classification_authority.csv#NB-A01-LIVE-0001-C0015
NB-A01-LIVE-0001,NB-A01-LIVE-0001-C0016,18,16,e3b0c44298fc1c149afbf4c8996fb92427ae41e4649b934ca495991b7852b855,NON_OPERATIONAL,Sealed inventory classifies this occurrence as EXCLUDED_WITH_REASON; it is not a runtime workflow cell.,NOT_APPLICABLE,NOT_APPLICABLE,NOT_APPLICABLE,NOT_APPLICABLE,EXCLUDED_NON_OPERATIONAL_EXCLUDED_WITH_REASON,NOT_APPLICABLE,NOT_APPLICABLE,NOT_APPLICABLE,manifests/sealed_cell_classification_authority.csv#NB-A01-LIVE-0001-C0016
NB-A01-LIVE-0002,NB-A01-LIVE-0002-C0000,0,0,2de61b595383b3de1e54221ddd7583d867a51c923cb8622a2806b079319b5257,NON_OPERATIONAL,Sealed inventory classifies this occurrence as EXCLUDED_WITH_REASON; it is not a runtime workflow cell.,NOT_APPLICABLE,NOT_APPLICABLE,NOT_APPLICABLE,NOT_APPLICABLE,EXCLUDED_NON_OPERATIONAL_EXCLUDED_WITH_REASON,NOT_APPLICABLE,NOT_APPLICABLE,NOT_APPLICABLE,manifests/sealed_cell_classification_authority.csv#NB-A01-LIVE-0002-C0000
NB-A01-LIVE-0002,NB-A01-LIVE-0002-C0001,1,1,4bda1e496ee93bf62a8f549aab74b28724993432c30088873b82c1cc02231c7f,NON_OPERATIONAL,Sealed inventory classifies this occurrence as EXCLUDED_WITH_REASON; it is not a runtime workflow cell.,NOT_APPLICABLE,NOT_APPLICABLE,NOT_APPLICABLE,NOT_APPLICABLE,EXCLUDED_NON_OPERATIONAL_EXCLUDED_WITH_REASON,NOT_APPLICABLE,NOT_APPLICABLE,NOT_APPLICABLE,manifests/sealed_cell_classification_authority.csv#NB-A01-LIVE-0002-C0001
NB-A01-LIVE-0002,NB-A01-LIVE-0002-C0002,2,2,993f2425d6b62786fdd47170414fc56d5dbededc3752b3b9c7547d72f9988e7d,NON_OPERATIONAL,Sealed inventory classifies this occurrence as EXCLUDED_WITH_REASON; it is not a runtime workflow cell.,NOT_APPLICABLE,NOT_APPLICABLE,NOT_APPLICABLE,NOT_APPLICABLE,EXCLUDED_NON_OPERATIONAL_EXCLUDED_WITH_REASON,NOT_APPLICABLE,NOT_APPLICABLE,NOT_APPLICABLE,manifests/sealed_cell_classification_authority.csv#NB-A01-LIVE-0002-C0002
NB-A01-LIVE-0002,NB-A01-LIVE-0002-C0003,3,3,e67b1fa566e66a65fde236fc6988d966b3c97cc39b5eaaa70df64c8242a6527b,NON_OPERATIONAL,Sealed inventory classifies this occurrence as EXCLUDED_WITH_REASON; it is not a runtime workflow cell.,NOT_APPLICABLE,NOT_APPLICABLE,NOT_APPLICABLE,NOT_APPLICABLE,EXCLUDED_NON_OPERATIONAL_EXCLUDED_WITH_REASON,NOT_APPLICABLE,NOT_APPLICABLE,NOT_APPLICABLE,manifests/sealed_cell_classification_authority.csv#NB-A01-LIVE-0002-C0003
NB-A01-LIVE-0002,NB-A01-LIVE-0002-C0004,4,4,be42aa07d12bea3245acd1e2593e5e43bfd16ab8fb7e83143a75f6b3c8b4fb0b,NON_OPERATIONAL,Sealed inventory classifies this occurrence as EXCLUDED_WITH_REASON; it is not a runtime workflow cell.,NOT_APPLICABLE,NOT_APPLICABLE,NOT_APPLICABLE,NOT_APPLICABLE,EXCLUDED_NON_OPERATIONAL_EXCLUDED_WITH_REASON,NOT_APPLICABLE,NOT_APPLICABLE,NOT_APPLICABLE,manifests/sealed_cell_classification_authority.csv#NB-A01-LIVE-0002-C0004
NB-A01-LIVE-0002,NB-A01-LIVE-0002-C0005,6,5,87be7ad21eb1c8b32348b22fd9bd0663668824b5c06e7ab0d18c51cd1c1605c6,NON_OPERATIONAL,Sealed inventory classifies this occurrence as EXCLUDED_WITH_REASON; it is not a runtime workflow cell.,NOT_APPLICABLE,NOT_APPLICABLE,NOT_APPLICABLE,NOT_APPLICABLE,EXCLUDED_NON_OPERATIONAL_EXCLUDED_WITH_REASON,NOT_APPLICABLE,NOT_APPLICABLE,NOT_APPLICABLE,manifests/sealed_cell_classification_authority.csv#NB-A01-LIVE-0002-C0005
NB-A01-LIVE-0002,NB-A01-LIVE-0002-C0006,7,6,de095452427c914424fded0e0992d952d3f4d870cf83ef86a2f164091f5515eb,NON_OPERATIONAL,Sealed inventory classifies this occurrence as EXCLUDED_WITH_REASON; it is not a runtime workflow cell.,NOT_APPLICABLE,NOT_APPLICABLE,NOT_APPLICABLE,NOT_APPLICABLE,EXCLUDED_NON_OPERATIONAL_EXCLUDED_WITH_REASON,NOT_APPLICABLE,NOT_APPLICABLE,NOT_APPLICABLE,manifests/sealed_cell_classification_authority.csv#NB-A01-LIVE-0002-C0006
NB-A01-LIVE-0002,NB-A01-LIVE-0002-C0007,8,7,977733da1e2fb3c482e30dcc1e4c8ca8bc38647f1a8c2f0cc42f535e3491fb46,NON_OPERATIONAL,Sealed inventory classifies this occurrence as EXCLUDED_WITH_REASON; it is not a runtime workflow cell.,NOT_APPLICABLE,NOT_APPLICABLE,NOT_APPLICABLE,NOT_APPLICABLE,EXCLUDED_NON_OPERATIONAL_EXCLUDED_WITH_REASON,NOT_APPLICABLE,NOT_APPLICABLE,NOT_APPLICABLE,manifests/sealed_cell_classification_authority.csv#NB-A01-LIVE-0002-C0007
NB-A01-LIVE-0002,NB-A01-LIVE-0002-C0008,10,8,5103a777caa8ffda0f3b05961b102f1cdcc295d97af61ea51c43b0cc83f24302,NON_OPERATIONAL,Sealed inventory classifies this occurrence as EXCLUDED_WITH_REASON; it is not a runtime workflow cell.,NOT_APPLICABLE,NOT_APPLICABLE,NOT_APPLICABLE,NOT_APPLICABLE,EXCLUDED_NON_OPERATIONAL_EXCLUDED_WITH_REASON,NOT_APPLICABLE,NOT_APPLICABLE,NOT_APPLICABLE,manifests/sealed_cell_classification_authority.csv#NB-A01-LIVE-0002-C0008
NB-A01-LIVE-0002,NB-A01-LIVE-0002-C0009,12,9,e1b4a169395f3f873edb7804339340bceba3c1907ec1e1ac52cb8af51d42e23d,NON_OPERATIONAL,Sealed inventory classifies this occurrence as EXCLUDED_WITH_REASON; it is not a runtime workflow cell.,NOT_APPLICABLE,NOT_APPLICABLE,NOT_APPLICABLE,NOT_APPLICABLE,EXCLUDED_NON_OPERATIONAL_EXCLUDED_WITH_REASON,NOT_APPLICABLE,NOT_APPLICABLE,NOT_APPLICABLE,manifests/sealed_cell_classification_authority.csv#NB-A01-LIVE-0002-C0009
NB-A01-LIVE-0002,NB-A01-LIVE-0002-C0010,14,10,f576fcd625a336a3faf4bf0a6e716d4aa5d40ab59a61910a8ae65a5621364f57,NON_OPERATIONAL,Sealed inventory classifies this occurrence as EXCLUDED_WITH_REASON; it is not a runtime workflow cell.,NOT_APPLICABLE,NOT_APPLICABLE,NOT_APPLICABLE,NOT_APPLICABLE,EXCLUDED_NON_OPERATIONAL_EXCLUDED_WITH_REASON,NOT_APPLICABLE,NOT_APPLICABLE,NOT_APPLICABLE,manifests/sealed_cell_classification_authority.csv#NB-A01-LIVE-0002-C0010
NB-A01-LIVE-0002,NB-A01-LIVE-0002-C0011,16,11,166d250bb08853e01378e38385cd277e81498852797980a7c02c71430d5c2a01,NON_OPERATIONAL,Sealed inventory classifies this occurrence as EXCLUDED_WITH_REASON; it is not a runtime workflow cell.,NOT_APPLICABLE,NOT_APPLICABLE,NOT_APPLICABLE,NOT_APPLICABLE,EXCLUDED_NON_OPERATIONAL_EXCLUDED_WITH_REASON,NOT_APPLICABLE,NOT_APPLICABLE,NOT_APPLICABLE,manifests/sealed_cell_classification_authority.csv#NB-A01-LIVE-0002-C0011
NB-A01-LIVE-0002,NB-A01-LIVE-0002-C0012,18,12,919c4a5aca87a83bfcbb6895fa98071c4cd4465c4c6f181525469d08fbb2d9d2,NON_OPERATIONAL,Sealed inventory classifies this occurrence as EXCLUDED_WITH_REASON; it is not a runtime workflow cell.,NOT_APPLICABLE,NOT_APPLICABLE,NOT_APPLICABLE,NOT_APPLICABLE,EXCLUDED_NON_OPERATIONAL_EXCLUDED_WITH_REASON,NOT_APPLICABLE,NOT_APPLICABLE,NOT_APPLICABLE,manifests/sealed_cell_classification_authority.csv#NB-A01-LIVE-0002-C0012
NB-A01-LIVE-0002,NB-A01-LIVE-0002-C0013,19,13,bde33adb973e2d570d37400594844419b9e14a6907c087ad2cc0ff46d6b4f8fe,NON_OPERATIONAL,Sealed inventory classifies this occurrence as EXCLUDED_WITH_REASON; it is not a runtime workflow cell.,NOT_APPLICABLE,NOT_APPLICABLE,NOT_APPLICABLE,NOT_APPLICABLE,EXCLUDED_NON_OPERATIONAL_EXCLUDED_WITH_REASON,NOT_APPLICABLE,NOT_APPLICABLE,NOT_APPLICABLE,manifests/sealed_cell_classification_authority.csv#NB-A01-LIVE-0002-C0013
NB-A01-LIVE-0002,NB-A01-LIVE-0002-C0014,21,14,3e0a1e5b687847464d929d2ff82cd46bb9e0150aa53bc3ab1f3bb849ccce44cb,NON_OPERATIONAL,Sealed inventory classifies this occurrence as EXCLUDED_WITH_REASON; it is not a runtime workflow cell.,NOT_APPLICABLE,NOT_APPLICABLE,NOT_APPLICABLE,NOT_APPLICABLE,EXCLUDED_NON_OPERATIONAL_EXCLUDED_WITH_REASON,NOT_APPLICABLE,NOT_APPLICABLE,NOT_APPLICABLE,manifests/sealed_cell_classification_authority.csv#NB-A01-LIVE-0002-C0014
NB-A01-LIVE-0002,NB-A01-LIVE-0002-C0015,22,15,de11be5e121a54f06b8b62e6f7ad14360302656f5d6a15c8d6d932d60bb2aed1,NON_OPERATIONAL,Sealed inventory classifies this occurrence as EXCLUDED_WITH_REASON; it is not a runtime workflow cell.,NOT_APPLICABLE,NOT_APPLICABLE,NOT_APPLICABLE,NOT_APPLICABLE,EXCLUDED_NON_OPERATIONAL_EXCLUDED_WITH_REASON,NOT_APPLICABLE,NOT_APPLICABLE,NOT_APPLICABLE,manifests/sealed_cell_classification_authority.csv#NB-A01-LIVE-0002-C0015
NB-A01-LIVE-0002,NB-A01-LIVE-0002-C0016,23,16,e3b0c44298fc1c149afbf4c8996fb92427ae41e4649b934ca495991b7852b855,NON_OPERATIONAL,Sealed inventory classifies this occurrence as EXCLUDED_WITH_REASON; it is not a runtime workflow cell.,NOT_APPLICABLE,NOT_APPLICABLE,NOT_APPLICABLE,NOT_APPLICABLE,EXCLUDED_NON_OPERATIONAL_EXCLUDED_WITH_REASON,NOT_APPLICABLE,NOT_APPLICABLE,NOT_APPLICABLE,manifests/sealed_cell_classification_authority.csv#NB-A01-LIVE-0002-C0016
NB-A01-LIVE-0002,NB-A01-LIVE-0002-C0017,24,17,e3b0c44298fc1c149afbf4c8996fb92427ae41e4649b934ca495991b7852b855,NON_OPERATIONAL,Sealed inventory classifies this occurrence as EXCLUDED_WITH_REASON; it is not a runtime workflow cell.,NOT_APPLICABLE,NOT_APPLICABLE,NOT_APPLICABLE,NOT_APPLICABLE,EXCLUDED_NON_OPERATIONAL_EXCLUDED_WITH_REASON,NOT_APPLICABLE,NOT_APPLICABLE,NOT_APPLICABLE,manifests/sealed_cell_classification_authority.csv#NB-A01-LIVE-0002-C0017
NB-A01-LIVE-0003,NB-A01-LIVE-0003-C0000,0,0,019941699884d07fb3a4dd63da3c7968e2dab95aa326f55abdf9a8109187b943,NON_OPERATIONAL,Sealed inventory classifies this occurrence as EXCLUDED_WITH_REASON; it is not a runtime workflow cell.,NOT_APPLICABLE,NOT_APPLICABLE,NOT_APPLICABLE,NOT_APPLICABLE,EXCLUDED_NON_OPERATIONAL_EXCLUDED_WITH_REASON,NOT_APPLICABLE,NOT_APPLICABLE,NOT_APPLICABLE,manifests/sealed_cell_classification_authority.csv#NB-A01-LIVE-0003-C0000
NB-A01-LIVE-0003,NB-A01-LIVE-0003-C0001,1,1,e3b0c44298fc1c149afbf4c8996fb92427ae41e4649b934ca495991b7852b855,NON_OPERATIONAL,Sealed inventory classifies this occurrence as EXCLUDED_WITH_REASON; it is not a runtime workflow cell.,NOT_APPLICABLE,NOT_APPLICABLE,NOT_APPLICABLE,NOT_APPLICABLE,EXCLUDED_NON_OPERATIONAL_EXCLUDED_WITH_REASON,NOT_APPLICABLE,NOT_APPLICABLE,NOT_APPLICABLE,manifests/sealed_cell_classification_authority.csv#NB-A01-LIVE-0003-C0001
NB-A01-LIVE-0004,NB-A01-LIVE-0004-C0000,0,0,3c286db0e9bcab443cc8cfa0a652e3c06e0d98d1d99289d391c6d5e6db43cd39,NON_OPERATIONAL,Sealed inventory classifies this occurrence as EXCLUDED_WITH_REASON; it is not a runtime workflow cell.,NOT_APPLICABLE,NOT_APPLICABLE,NOT_APPLICABLE,NOT_APPLICABLE,EXCLUDED_NON_OPERATIONAL_EXCLUDED_WITH_REASON,NOT_APPLICABLE,NOT_APPLICABLE,NOT_APPLICABLE,manifests/sealed_cell_classification_authority.csv#NB-A01-LIVE-0004-C0000
NB-A01-LIVE-0004,NB-A01-LIVE-0004-C0001,1,1,e8d79e31542c43cb6a9ae3a80c2fe42c506a309b662dec4ed0f73ac3404cbded,NON_OPERATIONAL,Sealed inventory classifies this occurrence as EXCLUDED_WITH_REASON; it is not a runtime workflow cell.,NOT_APPLICABLE,NOT_APPLICABLE,NOT_APPLICABLE,NOT_APPLICABLE,EXCLUDED_NON_OPERATIONAL_EXCLUDED_WITH_REASON,NOT_APPLICABLE,NOT_APPLICABLE,NOT_APPLICABLE,manifests/sealed_cell_classification_authority.csv#NB-A01-LIVE-0004-C0001
NB-A01-LIVE-0004,NB-A01-LIVE-0004-C0002,2,2,2955705df8ebb821522a932e0da24701c037815cb92e93d58eee53cb6a6d1950,NON_OPERATIONAL,Sealed inventory classifies this occurrence as EXCLUDED_WITH_REASON; it is not a runtime workflow cell.,NOT_APPLICABLE,NOT_APPLICABLE,NOT_APPLICABLE,NOT_APPLICABLE,EXCLUDED_NON_OPERATIONAL_EXCLUDED_WITH_REASON,NOT_APPLICABLE,NOT_APPLICABLE,NOT_APPLICABLE,manifests/sealed_cell_classification_authority.csv#NB-A01-LIVE-0004-C0002
NB-A01-LIVE-0004,NB-A01-LIVE-0004-C0003,3,3,4bda1e496ee93bf62a8f549aab74b28724993432c30088873b82c1cc02231c7f,NON_OPERATIONAL,Sealed inventory classifies this occurrence as EXCLUDED_WITH_REASON; it is not a runtime workflow cell.,NOT_APPLICABLE,NOT_APPLICABLE,NOT_APPLICABLE,NOT_APPLICABLE,EXCLUDED_NON_OPERATIONAL_EXCLUDED_WITH_REASON,NOT_APPLICABLE,NOT_APPLICABLE,NOT_APPLICABLE,manifests/sealed_cell_classification_authority.csv#NB-A01-LIVE-0004-C0003
NB-A01-LIVE-0004,NB-A01-LIVE-0004-C0004,4,4,993f2425d6b62786fdd47170414fc56d5dbededc3752b3b9c7547d72f9988e7d,NON_OPERATIONAL,Sealed inventory classifies this occurrence as EXCLUDED_WITH_REASON; it is not a runtime workflow cell.,NOT_APPLICABLE,NOT_APPLICABLE,NOT_APPLICABLE,NOT_APPLICABLE,EXCLUDED_NON_OPERATIONAL_EXCLUDED_WITH_REASON,NOT_APPLICABLE,NOT_APPLICABLE,NOT_APPLICABLE,manifests/sealed_cell_classification_authority.csv#NB-A01-LIVE-0004-C0004
NB-A01-LIVE-0004,NB-A01-LIVE-0004-C0005,5,5,c7c5b5acd2f9bc573f7f1e09e2782a494bbadddb648ef2ff6c2a9426bae061f8,NON_OPERATIONAL,Sealed inventory classifies this occurrence as EXCLUDED_WITH_REASON; it is not a runtime workflow cell.,NOT_APPLICABLE,NOT_APPLICABLE,NOT_APPLICABLE,NOT_APPLICABLE,EXCLUDED_NON_OPERATIONAL_EXCLUDED_WITH_REASON,NOT_APPLICABLE,NOT_APPLICABLE,NOT_APPLICABLE,manifests/sealed_cell_classification_authority.csv#NB-A01-LIVE-0004-C0005
NB-A01-LIVE-0004,NB-A01-LIVE-0004-C0006,6,6,36ef0928c42fc2b63b973f060569fd49a483a10f8d108c51bab881b5de9b8f87,NON_OPERATIONAL,Sealed inventory classifies this occurrence as EXCLUDED_WITH_REASON; it is not a runtime workflow cell.,NOT_APPLICABLE,NOT_APPLICABLE,NOT_APPLICABLE,NOT_APPLICABLE,EXCLUDED_NON_OPERATIONAL_EXCLUDED_WITH_REASON,NOT_APPLICABLE,NOT_APPLICABLE,NOT_APPLICABLE,manifests/sealed_cell_classification_authority.csv#NB-A01-LIVE-0004-C0006
NB-A01-LIVE-0004,NB-A01-LIVE-0004-C0007,7,7,e484d1f4c23896e11ed5c82e3aa71d297035d9589d385f30cfe0bb6475e84263,NON_OPERATIONAL,Sealed inventory classifies this occurrence as EXCLUDED_WITH_REASON; it is not a runtime workflow cell.,NOT_APPLICABLE,NOT_APPLICABLE,NOT_APPLICABLE,NOT_APPLICABLE,EXCLUDED_NON_OPERATIONAL_EXCLUDED_WITH_REASON,NOT_APPLICABLE,NOT_APPLICABLE,NOT_APPLICABLE,manifests/sealed_cell_classification_authority.csv#NB-A01-LIVE-0004-C0007
NB-A01-LIVE-0004,NB-A01-LIVE-0004-C0008,8,8,d0484da5d5bc88474dc14619f7e8e8b45e139ba6c48cf481cb78eda740df72b6,NON_OPERATIONAL,Sealed inventory classifies this occurrence as EXCLUDED_WITH_REASON; it is not a runtime workflow cell.,NOT_APPLICABLE,NOT_APPLICABLE,NOT_APPLICABLE,NOT_APPLICABLE,EXCLUDED_NON_OPERATIONAL_EXCLUDED_WITH_REASON,NOT_APPLICABLE,NOT_APPLICABLE,NOT_APPLICABLE,manifests/sealed_cell_classification_authority.csv#NB-A01-LIVE-0004-C0008
NB-A01-LIVE-0004,NB-A01-LIVE-0004-C0009,9,9,cb67ab04c9fe41816dfdbc98c1389963aa0b637b042b2565a0a8b4780d3e7e11,NON_OPERATIONAL,Sealed inventory classifies this occurrence as EXCLUDED_WITH_REASON; it is not a runtime workflow cell.,NOT_APPLICABLE,NOT_APPLICABLE,NOT_APPLICABLE,NOT_APPLICABLE,EXCLUDED_NON_OPERATIONAL_EXCLUDED_WITH_REASON,NOT_APPLICABLE,NOT_APPLICABLE,NOT_APPLICABLE,manifests/sealed_cell_classification_authority.csv#NB-A01-LIVE-0004-C0009
NB-A01-LIVE-0004,NB-A01-LIVE-0004-C0010,10,10,877dfab08ddbaace2d6d7e660df030a460268b83d06b367dc2adb8edb5cb7779,NON_OPERATIONAL,Sealed inventory classifies this occurrence as EXCLUDED_WITH_REASON; it is not a runtime workflow cell.,NOT_APPLICABLE,NOT_APPLICABLE,NOT_APPLICABLE,NOT_APPLICABLE,EXCLUDED_NON_OPERATIONAL_EXCLUDED_WITH_REASON,NOT_APPLICABLE,NOT_APPLICABLE,NOT_APPLICABLE,manifests/sealed_cell_classification_authority.csv#NB-A01-LIVE-0004-C0010
NB-A01-LIVE-0004,NB-A01-LIVE-0004-C0011,11,11,35912d935da84474a2ca38644ea6b7380449223b116c446864b406e99c37a5ea,NON_OPERATIONAL,Sealed inventory classifies this occurrence as EXCLUDED_WITH_REASON; it is not a runtime workflow cell.,NOT_APPLICABLE,NOT_APPLICABLE,NOT_APPLICABLE,NOT_APPLICABLE,EXCLUDED_NON_OPERATIONAL_EXCLUDED_WITH_REASON,NOT_APPLICABLE,NOT_APPLICABLE,NOT_APPLICABLE,manifests/sealed_cell_classification_authority.csv#NB-A01-LIVE-0004-C0011
NB-A01-LIVE-0004,NB-A01-LIVE-0004-C0012,12,12,a330d858b4ffb719d390c53ec5e9829f8081f2e7908030e256db405e66f0fd82,NON_OPERATIONAL,Sealed inventory classifies this occurrence as EXCLUDED_WITH_REASON; it is not a runtime workflow cell.,NOT_APPLICABLE,NOT_APPLICABLE,NOT_APPLICABLE,NOT_APPLICABLE,EXCLUDED_NON_OPERATIONAL_EXCLUDED_WITH_REASON,NOT_APPLICABLE,NOT_APPLICABLE,NOT_APPLICABLE,manifests/sealed_cell_classification_authority.csv#NB-A01-LIVE-0004-C0012
NB-A01-LIVE-0004,NB-A01-LIVE-0004-C0013,13,13,25fcef29304853d6b3b0f95ba1d4f8224361566a4109b004a9bd97fbb67bbfb7,NON_OPERATIONAL,Sealed inventory classifies this occurrence as EXCLUDED_WITH_REASON; it is not a runtime workflow cell.,NOT_APPLICABLE,NOT_APPLICABLE,NOT_APPLICABLE,NOT_APPLICABLE,EXCLUDED_NON_OPERATIONAL_EXCLUDED_WITH_REASON,NOT_APPLICABLE,NOT_APPLICABLE,NOT_APPLICABLE,manifests/sealed_cell_classification_authority.csv#NB-A01-LIVE-0004-C0013
NB-A01-LIVE-0004,NB-A01-LIVE-0004-C0014,14,14,de11be5e121a54f06b8b62e6f7ad14360302656f5d6a15c8d6d932d60bb2aed1,NON_OPERATIONAL,Sealed inventory classifies this occurrence as EXCLUDED_WITH_REASON; it is not a runtime workflow cell.,NOT_APPLICABLE,NOT_APPLICABLE,NOT_APPLICABLE,NOT_APPLICABLE,EXCLUDED_NON_OPERATIONAL_EXCLUDED_WITH_REASON,NOT_APPLICABLE,NOT_APPLICABLE,NOT_APPLICABLE,manifests/sealed_cell_classification_authority.csv#NB-A01-LIVE-0004-C0014
NB-A01-LIVE-0004,NB-A01-LIVE-0004-C0015,15,15,e3b0c44298fc1c149afbf4c8996fb92427ae41e4649b934ca495991b7852b855,NON_OPERATIONAL,Sealed inventory classifies this occurrence as EXCLUDED_WITH_REASON; it is not a runtime workflow cell.,NOT_APPLICABLE,NOT_APPLICABLE,NOT_APPLICABLE,NOT_APPLICABLE,EXCLUDED_NON_OPERATIONAL_EXCLUDED_WITH_REASON,NOT_APPLICABLE,NOT_APPLICABLE,NOT_APPLICABLE,manifests/sealed_cell_classification_authority.csv#NB-A01-LIVE-0004-C0015
NB-A01-LIVE-0005,NB-A01-LIVE-0005-C0000,0,0,4f4c33a45129a0eab53520a4b27b6eba156c73609743419a1df38a2f2da0b96b,NON_OPERATIONAL,Sealed inventory classifies this occurrence as EXCLUDED_WITH_REASON; it is not a runtime workflow cell.,NOT_APPLICABLE,NOT_APPLICABLE,NOT_APPLICABLE,NOT_APPLICABLE,EXCLUDED_NON_OPERATIONAL_EXCLUDED_WITH_REASON,NOT_APPLICABLE,NOT_APPLICABLE,NOT_APPLICABLE,manifests/sealed_cell_classification_authority.csv#NB-A01-LIVE-0005-C0000
NB-A01-LIVE-0005,NB-A01-LIVE-0005-C0001,1,1,c56bec2eddb8abce86290cbce0c75040891325f383d7744a9ae75d517c964f72,NON_OPERATIONAL,Sealed inventory classifies this occurrence as EXCLUDED_WITH_REASON; it is not a runtime workflow cell.,NOT_APPLICABLE,NOT_APPLICABLE,NOT_APPLICABLE,NOT_APPLICABLE,EXCLUDED_NON_OPERATIONAL_EXCLUDED_WITH_REASON,NOT_APPLICABLE,NOT_APPLICABLE,NOT_APPLICABLE,manifests/sealed_cell_classification_authority.csv#NB-A01-LIVE-0005-C0001
NB-A01-LIVE-0005,NB-A01-LIVE-0005-C0002,2,2,9c21652082ac1fc0db0be12adf7681574dc3a3ecc48212bc256a80206534bf95,NON_OPERATIONAL,Sealed inventory classifies this occurrence as EXCLUDED_WITH_REASON; it is not a runtime workflow cell.,NOT_APPLICABLE,NOT_APPLICABLE,NOT_APPLICABLE,NOT_APPLICABLE,EXCLUDED_NON_OPERATIONAL_EXCLUDED_WITH_REASON,NOT_APPLICABLE,NOT_APPLICABLE,NOT_APPLICABLE,manifests/sealed_cell_classification_authority.csv#NB-A01-LIVE-0005-C0002
NB-A01-LIVE-0005,NB-A01-LIVE-0005-C0003,3,3,e3b0c44298fc1c149afbf4c8996fb92427ae41e4649b934ca495991b7852b855,NON_OPERATIONAL,Sealed inventory classifies this occurrence as EXCLUDED_WITH_REASON; it is not a runtime workflow cell.,NOT_APPLICABLE,NOT_APPLICABLE,NOT_APPLICABLE,NOT_APPLICABLE,EXCLUDED_NON_OPERATIONAL_EXCLUDED_WITH_REASON,NOT_APPLICABLE,NOT_APPLICABLE,NOT_APPLICABLE,manifests/sealed_cell_classification_authority.csv#NB-A01-LIVE-0005-C0003
NB-A01-LIVE-0006,NB-A01-LIVE-0006-C0000,0,0,4f6f6d7ad450c3abf0eac39303f9709903cb930e4e26c7ccc881f4d7693d1cd0,NON_OPERATIONAL,Sealed inventory classifies this occurrence as DUPLICATE_EXACT; it is not a runtime workflow cell.,NOT_APPLICABLE,NOT_APPLICABLE,NOT_APPLICABLE,NOT_APPLICABLE,EXCLUDED_NON_OPERATIONAL_DUPLICATE_EXACT,NOT_APPLICABLE,NOT_APPLICABLE,NOT_APPLICABLE,manifests/sealed_cell_classification_authority.csv#NB-A01-LIVE-0006-C0000
NB-A01-LIVE-0006,NB-A01-LIVE-0006-C0001,1,1,42b7463eac1adc96d685d97677f98699bf5770d03687c49e4f6f6f1f34f5e020,NON_OPERATIONAL,Sealed inventory classifies this occurrence as DUPLICATE_EXACT; it is not a runtime workflow cell.,NOT_APPLICABLE,NOT_APPLICABLE,NOT_APPLICABLE,NOT_APPLICABLE,EXCLUDED_NON_OPERATIONAL_DUPLICATE_EXACT,NOT_APPLICABLE,NOT_APPLICABLE,NOT_APPLICABLE,manifests/sealed_cell_classification_authority.csv#NB-A01-LIVE-0006-C0001
NB-A01-LIVE-0006,NB-A01-LIVE-0006-C0002,3,2,573c814cf97e0f8f40bd7a0770d89b2681d9451e2e4456eec1c65c13a74e55cd,NON_OPERATIONAL,Sealed inventory classifies this occurrence as DUPLICATE_EXACT; it is not a runtime workflow cell.,NOT_APPLICABLE,NOT_APPLICABLE,NOT_APPLICABLE,NOT_APPLICABLE,EXCLUDED_NON_OPERATIONAL_DUPLICATE_EXACT,NOT_APPLICABLE,NOT_APPLICABLE,NOT_APPLICABLE,manifests/sealed_cell_classification_authority.csv#NB-A01-LIVE-0006-C0002
NB-A01-LIVE-0006,NB-A01-LIVE-0006-C0003,4,3,e3b0c44298fc1c149afbf4c8996fb92427ae41e4649b934ca495991b7852b855,NON_OPERATIONAL,Sealed inventory classifies this occurrence as DUPLICATE_EXACT; it is not a runtime workflow cell.,NOT_APPLICABLE,NOT_APPLICABLE,NOT_APPLICABLE,NOT_APPLICABLE,EXCLUDED_NON_OPERATIONAL_DUPLICATE_EXACT,NOT_APPLICABLE,NOT_APPLICABLE,NOT_APPLICABLE,manifests/sealed_cell_classification_authority.csv#NB-A01-LIVE-0006-C0003
NB-A01-LIVE-0007,NB-A01-LIVE-0007-C0000,0,0,1f0f8dd1d182ec9b712fc94a3befcaba26aa44f14d3f615872ff414df49dbebe,NON_OPERATIONAL,Sealed inventory classifies this occurrence as DUPLICATE_EXACT; it is not a runtime workflow cell.,NOT_APPLICABLE,NOT_APPLICABLE,NOT_APPLICABLE,NOT_APPLICABLE,EXCLUDED_NON_OPERATIONAL_DUPLICATE_EXACT,NOT_APPLICABLE,NOT_APPLICABLE,NOT_APPLICABLE,manifests/sealed_cell_classification_authority.csv#NB-A01-LIVE-0007-C0000
NB-A01-LIVE-0007,NB-A01-LIVE-0007-C0001,1,1,52b93f295f188b68ab86ec7004d2d9c95903a5a8ae9d52ce8e60c5e1fdc68545,NON_OPERATIONAL,Sealed inventory classifies this occurrence as DUPLICATE_EXACT; it is not a runtime workflow cell.,NOT_APPLICABLE,NOT_APPLICABLE,NOT_APPLICABLE,NOT_APPLICABLE,EXCLUDED_NON_OPERATIONAL_DUPLICATE_EXACT,NOT_APPLICABLE,NOT_APPLICABLE,NOT_APPLICABLE,manifests/sealed_cell_classification_authority.csv#NB-A01-LIVE-0007-C0001
NB-A01-LIVE-0007,NB-A01-LIVE-0007-C0002,2,2,e3b0c44298fc1c149afbf4c8996fb92427ae41e4649b934ca495991b7852b855,NON_OPERATIONAL,Sealed inventory classifies this occurrence as DUPLICATE_EXACT; it is not a runtime workflow cell.,NOT_APPLICABLE,NOT_APPLICABLE,NOT_APPLICABLE,NOT_APPLICABLE,EXCLUDED_NON_OPERATIONAL_DUPLICATE_EXACT,NOT_APPLICABLE,NOT_APPLICABLE,NOT_APPLICABLE,manifests/sealed_cell_classification_authority.csv#NB-A01-LIVE-0007-C0002
NB-A01-LIVE-0007,NB-A01-LIVE-0007-C0003,3,3,e3b0c44298fc1c149afbf4c8996fb92427ae41e4649b934ca495991b7852b855,NON_OPERATIONAL,Sealed inventory classifies this occurrence as DUPLICATE_EXACT; it is not a runtime workflow cell.,NOT_APPLICABLE,NOT_APPLICABLE,NOT_APPLICABLE,NOT_APPLICABLE,EXCLUDED_NON_OPERATIONAL_DUPLICATE_EXACT,NOT_APPLICABLE,NOT_APPLICABLE,NOT_APPLICABLE,manifests/sealed_cell_classification_authority.csv#NB-A01-LIVE-0007-C0003
NB-A01-LIVE-0007,NB-A01-LIVE-0007-C0004,4,4,e3b0c44298fc1c149afbf4c8996fb92427ae41e4649b934ca495991b7852b855,NON_OPERATIONAL,Sealed inventory classifies this occurrence as DUPLICATE_EXACT; it is not a runtime workflow cell.,NOT_APPLICABLE,NOT_APPLICABLE,NOT_APPLICABLE,NOT_APPLICABLE,EXCLUDED_NON_OPERATIONAL_DUPLICATE_EXACT,NOT_APPLICABLE,NOT_APPLICABLE,NOT_APPLICABLE,manifests/sealed_cell_classification_authority.csv#NB-A01-LIVE-0007-C0004
NB-A01-LIVE-0007,NB-A01-LIVE-0007-C0005,5,5,2cc75b401d02675fc3130cff0829f18d11bb903dd6271632e03c36ab5286f71f,NON_OPERATIONAL,Sealed inventory classifies this occurrence as DUPLICATE_EXACT; it is not a runtime workflow cell.,NOT_APPLICABLE,NOT_APPLICABLE,NOT_APPLICABLE,NOT_APPLICABLE,EXCLUDED_NON_OPERATIONAL_DUPLICATE_EXACT,NOT_APPLICABLE,NOT_APPLICABLE,NOT_APPLICABLE,manifests/sealed_cell_classification_authority.csv#NB-A01-LIVE-0007-C0005
NB-A01-LIVE-0007,NB-A01-LIVE-0007-C0006,6,6,f62d362af029cce932f1a3691ee34f87d4943c4066546a1beff8eb5ed7b9b98e,NON_OPERATIONAL,Sealed inventory classifies this occurrence as DUPLICATE_EXACT; it is not a runtime workflow cell.,NOT_APPLICABLE,NOT_APPLICABLE,NOT_APPLICABLE,NOT_APPLICABLE,EXCLUDED_NON_OPERATIONAL_DUPLICATE_EXACT,NOT_APPLICABLE,NOT_APPLICABLE,NOT_APPLICABLE,manifests/sealed_cell_classification_authority.csv#NB-A01-LIVE-0007-C0006
NB-A01-LIVE-0007,NB-A01-LIVE-0007-C0007,7,7,64a250f4a8d47e88f7350344ecbe0c5d443014ae3b8f3ba78e2480b1803d11cb,NON_OPERATIONAL,Sealed inventory classifies this occurrence as DUPLICATE_EXACT; it is not a runtime workflow cell.,NOT_APPLICABLE,NOT_APPLICABLE,NOT_APPLICABLE,NOT_APPLICABLE,EXCLUDED_NON_OPERATIONAL_DUPLICATE_EXACT,NOT_APPLICABLE,NOT_APPLICABLE,NOT_APPLICABLE,manifests/sealed_cell_classification_authority.csv#NB-A01-LIVE-0007-C0007
NB-A01-LIVE-0007,NB-A01-LIVE-0007-C0008,8,8,e3b0c44298fc1c149afbf4c8996fb92427ae41e4649b934ca495991b7852b855,NON_OPERATIONAL,Sealed inventory classifies this occurrence as DUPLICATE_EXACT; it is not a runtime workflow cell.,NOT_APPLICABLE,NOT_APPLICABLE,NOT_APPLICABLE,NOT_APPLICABLE,EXCLUDED_NON_OPERATIONAL_DUPLICATE_EXACT,NOT_APPLICABLE,NOT_APPLICABLE,NOT_APPLICABLE,manifests/sealed_cell_classification_authority.csv#NB-A01-LIVE-0007-C0008
NB-A01-LIVE-0008,NB-A01-LIVE-0008-C0000,0,0,1afed926509510fff9757a4d315f3d6a7cdf7beb4ca21a5b3254c8c9353d48e7,NON_OPERATIONAL,Sealed inventory classifies this occurrence as EXCLUDED_WITH_REASON; it is not a runtime workflow cell.,NOT_APPLICABLE,NOT_APPLICABLE,NOT_APPLICABLE,NOT_APPLICABLE,EXCLUDED_NON_OPERATIONAL_EXCLUDED_WITH_REASON,NOT_APPLICABLE,NOT_APPLICABLE,NOT_APPLICABLE,manifests/sealed_cell_classification_authority.csv#NB-A01-LIVE-0008-C0000
NB-A01-LIVE-0008,NB-A01-LIVE-0008-C0001,1,1,9990b4c060a0936495b4cf677de8414b973c8ae79f15bd610ad647677cbc19ca,NON_OPERATIONAL,Sealed inventory classifies this occurrence as EXCLUDED_WITH_REASON; it is not a runtime workflow cell.,NOT_APPLICABLE,NOT_APPLICABLE,NOT_APPLICABLE,NOT_APPLICABLE,EXCLUDED_NON_OPERATIONAL_EXCLUDED_WITH_REASON,NOT_APPLICABLE,NOT_APPLICABLE,NOT_APPLICABLE,manifests/sealed_cell_classification_authority.csv#NB-A01-LIVE-0008-C0001
NB-A01-LIVE-0008,NB-A01-LIVE-0008-C0002,2,2,e3b0c44298fc1c149afbf4c8996fb92427ae41e4649b934ca495991b7852b855,NON_OPERATIONAL,Sealed inventory classifies this occurrence as EXCLUDED_WITH_REASON; it is not a runtime workflow cell.,NOT_APPLICABLE,NOT_APPLICABLE,NOT_APPLICABLE,NOT_APPLICABLE,EXCLUDED_NON_OPERATIONAL_EXCLUDED_WITH_REASON,NOT_APPLICABLE,NOT_APPLICABLE,NOT_APPLICABLE,manifests/sealed_cell_classification_authority.csv#NB-A01-LIVE-0008-C0002
NB-A01-LIVE-0009,NB-A01-LIVE-0009-C0000,0,0,fc0e6a8511cbb1a310110a0d523e997ee0847f1d2d8206ce23fa8b05688a213d,NON_OPERATIONAL,Sealed inventory classifies this occurrence as EXCLUDED_WITH_REASON; it is not a runtime workflow cell.,NOT_APPLICABLE,NOT_APPLICABLE,NOT_APPLICABLE,NOT_APPLICABLE,EXCLUDED_NON_OPERATIONAL_EXCLUDED_WITH_REASON,NOT_APPLICABLE,NOT_APPLICABLE,NOT_APPLICABLE,manifests/sealed_cell_classification_authority.csv#NB-A01-LIVE-0009-C0000
NB-A01-LIVE-0009,NB-A01-LIVE-0009-C0001,1,1,57f8f0b936c3949346d1160e0ba19cd384f0b5aa41b617a27e1a008adf4863a9,NON_OPERATIONAL,Sealed inventory classifies this occurrence as EXCLUDED_WITH_REASON; it is not a runtime workflow cell.,NOT_APPLICABLE,NOT_APPLICABLE,NOT_APPLICABLE,NOT_APPLICABLE,EXCLUDED_NON_OPERATIONAL_EXCLUDED_WITH_REASON,NOT_APPLICABLE,NOT_APPLICABLE,NOT_APPLICABLE,manifests/sealed_cell_classification_authority.csv#NB-A01-LIVE-0009-C0001
NB-A01-LIVE-0009,NB-A01-LIVE-0009-C0002,2,2,fb252cc2b814ea41b8d902c38a5e16dfdf342a293422c2e6f081a7f347e43c60,NON_OPERATIONAL,Sealed inventory classifies this occurrence as EXCLUDED_WITH_REASON; it is not a runtime workflow cell.,NOT_APPLICABLE,NOT_APPLICABLE,NOT_APPLICABLE,NOT_APPLICABLE,EXCLUDED_NON_OPERATIONAL_EXCLUDED_WITH_REASON,NOT_APPLICABLE,NOT_APPLICABLE,NOT_APPLICABLE,manifests/sealed_cell_classification_authority.csv#NB-A01-LIVE-0009-C0002
NB-A01-LIVE-0009,NB-A01-LIVE-0009-C0003,4,3,27a8f2de9f1dae99c279366235cefa5332327dce8cc916a6f4fedddb9ecf07f7,NON_OPERATIONAL,Sealed inventory classifies this occurrence as EXCLUDED_WITH_REASON; it is not a runtime workflow cell.,NOT_APPLICABLE,NOT_APPLICABLE,NOT_APPLICABLE,NOT_APPLICABLE,EXCLUDED_NON_OPERATIONAL_EXCLUDED_WITH_REASON,NOT_APPLICABLE,NOT_APPLICABLE,NOT_APPLICABLE,manifests/sealed_cell_classification_authority.csv#NB-A01-LIVE-0009-C0003
NB-A01-LIVE-0009,NB-A01-LIVE-0009-C0004,5,4,33ede3ed8531b9846e0cf0b328f17f347d7cc551fd04e63e9a67725ee35894c0,NON_OPERATIONAL,Sealed inventory classifies this occurrence as EXCLUDED_WITH_REASON; it is not a runtime workflow cell.,NOT_APPLICABLE,NOT_APPLICABLE,NOT_APPLICABLE,NOT_APPLICABLE,EXCLUDED_NON_OPERATIONAL_EXCLUDED_WITH_REASON,NOT_APPLICABLE,NOT_APPLICABLE,NOT_APPLICABLE,manifests/sealed_cell_classification_authority.csv#NB-A01-LIVE-0009-C0004
NB-A01-LIVE-0009,NB-A01-LIVE-0009-C0005,6,5,eb53bf1333ea25e8fbdad210a44075eeb6e5c845cd54f03f5c59394530b1d4d5,NON_OPERATIONAL,Sealed inventory classifies this occurrence as EXCLUDED_WITH_REASON; it is not a runtime workflow cell.,NOT_APPLICABLE,NOT_APPLICABLE,NOT_APPLICABLE,NOT_APPLICABLE,EXCLUDED_NON_OPERATIONAL_EXCLUDED_WITH_REASON,NOT_APPLICABLE,NOT_APPLICABLE,NOT_APPLICABLE,manifests/sealed_cell_classification_authority.csv#NB-A01-LIVE-0009-C0005
NB-A01-LIVE-0009,NB-A01-LIVE-0009-C0006,7,6,b565b64f6148aded61404bcd48366d1800f5e4399441ba4a4b513ab9589df1a2,NON_OPERATIONAL,Sealed inventory classifies this occurrence as EXCLUDED_WITH_REASON; it is not a runtime workflow cell.,NOT_APPLICABLE,NOT_APPLICABLE,NOT_APPLICABLE,NOT_APPLICABLE,EXCLUDED_NON_OPERATIONAL_EXCLUDED_WITH_REASON,NOT_APPLICABLE,NOT_APPLICABLE,NOT_APPLICABLE,manifests/sealed_cell_classification_authority.csv#NB-A01-LIVE-0009-C0006
NB-A01-LIVE-0009,NB-A01-LIVE-0009-C0007,8,7,679c770c5b9df47abf9c27ddabcb9ad50ef002bba8c36eb27a48593621386ec4,NON_OPERATIONAL,Sealed inventory classifies this occurrence as EXCLUDED_WITH_REASON; it is not a runtime workflow cell.,NOT_APPLICABLE,NOT_APPLICABLE,NOT_APPLICABLE,NOT_APPLICABLE,EXCLUDED_NON_OPERATIONAL_EXCLUDED_WITH_REASON,NOT_APPLICABLE,NOT_APPLICABLE,NOT_APPLICABLE,manifests/sealed_cell_classification_authority.csv#NB-A01-LIVE-0009-C0007
NB-A01-LIVE-0009,NB-A01-LIVE-0009-C0008,9,8,f037a176bae27bab75cd518257dbefeb67bff6ce9dd3729c0171a3ee0568508a,NON_OPERATIONAL,Sealed inventory classifies this occurrence as EXCLUDED_WITH_REASON; it is not a runtime workflow cell.,NOT_APPLICABLE,NOT_APPLICABLE,NOT_APPLICABLE,NOT_APPLICABLE,EXCLUDED_NON_OPERATIONAL_EXCLUDED_WITH_REASON,NOT_APPLICABLE,NOT_APPLICABLE,NOT_APPLICABLE,manifests/sealed_cell_classification_authority.csv#NB-A01-LIVE-0009-C0008
NB-A01-LIVE-0009,NB-A01-LIVE-0009-C0009,10,9,5b8b6d1c5726b4f2b04b2372122589a79a1130c31f279e36bf62b52ef5494ce0,NON_OPERATIONAL,Sealed inventory classifies this occurrence as EXCLUDED_WITH_REASON; it is not a runtime workflow cell.,NOT_APPLICABLE,NOT_APPLICABLE,NOT_APPLICABLE,NOT_APPLICABLE,EXCLUDED_NON_OPERATIONAL_EXCLUDED_WITH_REASON,NOT_APPLICABLE,NOT_APPLICABLE,NOT_APPLICABLE,manifests/sealed_cell_classification_authority.csv#NB-A01-LIVE-0009-C0009
NB-A01-LIVE-0009,NB-A01-LIVE-0009-C0010,11,10,e3b0c44298fc1c149afbf4c8996fb92427ae41e4649b934ca495991b7852b855,NON_OPERATIONAL,Sealed inventory classifies this occurrence as EXCLUDED_WITH_REASON; it is not a runtime workflow cell.,NOT_APPLICABLE,NOT_APPLICABLE,NOT_APPLICABLE,NOT_APPLICABLE,EXCLUDED_NON_OPERATIONAL_EXCLUDED_WITH_REASON,NOT_APPLICABLE,NOT_APPLICABLE,NOT_APPLICABLE,manifests/sealed_cell_classification_authority.csv#NB-A01-LIVE-0009-C0010
NB-A01-LIVE-0010,NB-A01-LIVE-0010-C0000,0,0,3c286db0e9bcab443cc8cfa0a652e3c06e0d98d1d99289d391c6d5e6db43cd39,NON_OPERATIONAL,Sealed inventory classifies this occurrence as DUPLICATE_EXACT; it is not a runtime workflow cell.,NOT_APPLICABLE,NOT_APPLICABLE,NOT_APPLICABLE,NOT_APPLICABLE,EXCLUDED_NON_OPERATIONAL_DUPLICATE_EXACT,NOT_APPLICABLE,NOT_APPLICABLE,NOT_APPLICABLE,manifests/sealed_cell_classification_authority.csv#NB-A01-LIVE-0010-C0000
NB-A01-LIVE-0010,NB-A01-LIVE-0010-C0001,1,1,e8d79e31542c43cb6a9ae3a80c2fe42c506a309b662dec4ed0f73ac3404cbded,NON_OPERATIONAL,Sealed inventory classifies this occurrence as DUPLICATE_EXACT; it is not a runtime workflow cell.,NOT_APPLICABLE,NOT_APPLICABLE,NOT_APPLICABLE,NOT_APPLICABLE,EXCLUDED_NON_OPERATIONAL_DUPLICATE_EXACT,NOT_APPLICABLE,NOT_APPLICABLE,NOT_APPLICABLE,manifests/sealed_cell_classification_authority.csv#NB-A01-LIVE-0010-C0001
NB-A01-LIVE-0010,NB-A01-LIVE-0010-C0002,2,2,2955705df8ebb821522a932e0da24701c037815cb92e93d58eee53cb6a6d1950,NON_OPERATIONAL,Sealed inventory classifies this occurrence as DUPLICATE_EXACT; it is not a runtime workflow cell.,NOT_APPLICABLE,NOT_APPLICABLE,NOT_APPLICABLE,NOT_APPLICABLE,EXCLUDED_NON_OPERATIONAL_DUPLICATE_EXACT,NOT_APPLICABLE,NOT_APPLICABLE,NOT_APPLICABLE,manifests/sealed_cell_classification_authority.csv#NB-A01-LIVE-0010-C0002
NB-A01-LIVE-0010,NB-A01-LIVE-0010-C0003,3,3,4bda1e496ee93bf62a8f549aab74b28724993432c30088873b82c1cc02231c7f,NON_OPERATIONAL,Sealed inventory classifies this occurrence as DUPLICATE_EXACT; it is not a runtime workflow cell.,NOT_APPLICABLE,NOT_APPLICABLE,NOT_APPLICABLE,NOT_APPLICABLE,EXCLUDED_NON_OPERATIONAL_DUPLICATE_EXACT,NOT_APPLICABLE,NOT_APPLICABLE,NOT_APPLICABLE,manifests/sealed_cell_classification_authority.csv#NB-A01-LIVE-0010-C0003
NB-A01-LIVE-0010,NB-A01-LIVE-0010-C0004,4,4,993f2425d6b62786fdd47170414fc56d5dbededc3752b3b9c7547d72f9988e7d,NON_OPERATIONAL,Sealed inventory classifies this occurrence as DUPLICATE_EXACT; it is not a runtime workflow cell.,NOT_APPLICABLE,NOT_APPLICABLE,NOT_APPLICABLE,NOT_APPLICABLE,EXCLUDED_NON_OPERATIONAL_DUPLICATE_EXACT,NOT_APPLICABLE,NOT_APPLICABLE,NOT_APPLICABLE,manifests/sealed_cell_classification_authority.csv#NB-A01-LIVE-0010-C0004
NB-A01-LIVE-0010,NB-A01-LIVE-0010-C0005,5,5,c7c5b5acd2f9bc573f7f1e09e2782a494bbadddb648ef2ff6c2a9426bae061f8,NON_OPERATIONAL,Sealed inventory classifies this occurrence as DUPLICATE_EXACT; it is not a runtime workflow cell.,NOT_APPLICABLE,NOT_APPLICABLE,NOT_APPLICABLE,NOT_APPLICABLE,EXCLUDED_NON_OPERATIONAL_DUPLICATE_EXACT,NOT_APPLICABLE,NOT_APPLICABLE,NOT_APPLICABLE,manifests/sealed_cell_classification_authority.csv#NB-A01-LIVE-0010-C0005
NB-A01-LIVE-0010,NB-A01-LIVE-0010-C0006,6,6,36ef0928c42fc2b63b973f060569fd49a483a10f8d108c51bab881b5de9b8f87,NON_OPERATIONAL,Sealed inventory classifies this occurrence as DUPLICATE_EXACT; it is not a runtime workflow cell.,NOT_APPLICABLE,NOT_APPLICABLE,NOT_APPLICABLE,NOT_APPLICABLE,EXCLUDED_NON_OPERATIONAL_DUPLICATE_EXACT,NOT_APPLICABLE,NOT_APPLICABLE,NOT_APPLICABLE,manifests/sealed_cell_classification_authority.csv#NB-A01-LIVE-0010-C0006
NB-A01-LIVE-0010,NB-A01-LIVE-0010-C0007,7,7,e484d1f4c23896e11ed5c82e3aa71d297035d9589d385f30cfe0bb6475e84263,NON_OPERATIONAL,Sealed inventory classifies this occurrence as DUPLICATE_EXACT; it is not a runtime workflow cell.,NOT_APPLICABLE,NOT_APPLICABLE,NOT_APPLICABLE,NOT_APPLICABLE,EXCLUDED_NON_OPERATIONAL_DUPLICATE_EXACT,NOT_APPLICABLE,NOT_APPLICABLE,NOT_APPLICABLE,manifests/sealed_cell_classification_authority.csv#NB-A01-LIVE-0010-C0007
NB-A01-LIVE-0010,NB-A01-LIVE-0010-C0008,8,8,d0484da5d5bc88474dc14619f7e8e8b45e139ba6c48cf481cb78eda740df72b6,NON_OPERATIONAL,Sealed inventory classifies this occurrence as DUPLICATE_EXACT; it is not a runtime workflow cell.,NOT_APPLICABLE,NOT_APPLICABLE,NOT_APPLICABLE,NOT_APPLICABLE,EXCLUDED_NON_OPERATIONAL_DUPLICATE_EXACT,NOT_APPLICABLE,NOT_APPLICABLE,NOT_APPLICABLE,manifests/sealed_cell_classification_authority.csv#NB-A01-LIVE-0010-C0008
NB-A01-LIVE-0010,NB-A01-LIVE-0010-C0009,9,9,cb67ab04c9fe41816dfdbc98c1389963aa0b637b042b2565a0a8b4780d3e7e11,NON_OPERATIONAL,Sealed inventory classifies this occurrence as DUPLICATE_EXACT; it is not a runtime workflow cell.,NOT_APPLICABLE,NOT_APPLICABLE,NOT_APPLICABLE,NOT_APPLICABLE,EXCLUDED_NON_OPERATIONAL_DUPLICATE_EXACT,NOT_APPLICABLE,NOT_APPLICABLE,NOT_APPLICABLE,manifests/sealed_cell_classification_authority.csv#NB-A01-LIVE-0010-C0009
NB-A01-LIVE-0010,NB-A01-LIVE-0010-C0010,10,10,877dfab08ddbaace2d6d7e660df030a460268b83d06b367dc2adb8edb5cb7779,NON_OPERATIONAL,Sealed inventory classifies this occurrence as DUPLICATE_EXACT; it is not a runtime workflow cell.,NOT_APPLICABLE,NOT_APPLICABLE,NOT_APPLICABLE,NOT_APPLICABLE,EXCLUDED_NON_OPERATIONAL_DUPLICATE_EXACT,NOT_APPLICABLE,NOT_APPLICABLE,NOT_APPLICABLE,manifests/sealed_cell_classification_authority.csv#NB-A01-LIVE-0010-C0010
NB-A01-LIVE-0010,NB-A01-LIVE-0010-C0011,11,11,35912d935da84474a2ca38644ea6b7380449223b116c446864b406e99c37a5ea,NON_OPERATIONAL,Sealed inventory classifies this occurrence as DUPLICATE_EXACT; it is not a runtime workflow cell.,NOT_APPLICABLE,NOT_APPLICABLE,NOT_APPLICABLE,NOT_APPLICABLE,EXCLUDED_NON_OPERATIONAL_DUPLICATE_EXACT,NOT_APPLICABLE,NOT_APPLICABLE,NOT_APPLICABLE,manifests/sealed_cell_classification_authority.csv#NB-A01-LIVE-0010-C0011
NB-A01-LIVE-0010,NB-A01-LIVE-0010-C0012,12,12,a330d858b4ffb719d390c53ec5e9829f8081f2e7908030e256db405e66f0fd82,NON_OPERATIONAL,Sealed inventory classifies this occurrence as DUPLICATE_EXACT; it is not a runtime workflow cell.,NOT_APPLICABLE,NOT_APPLICABLE,NOT_APPLICABLE,NOT_APPLICABLE,EXCLUDED_NON_OPERATIONAL_DUPLICATE_EXACT,NOT_APPLICABLE,NOT_APPLICABLE,NOT_APPLICABLE,manifests/sealed_cell_classification_authority.csv#NB-A01-LIVE-0010-C0012
NB-A01-LIVE-0010,NB-A01-LIVE-0010-C0013,13,13,25fcef29304853d6b3b0f95ba1d4f8224361566a4109b004a9bd97fbb67bbfb7,NON_OPERATIONAL,Sealed inventory classifies this occurrence as DUPLICATE_EXACT; it is not a runtime workflow cell.,NOT_APPLICABLE,NOT_APPLICABLE,NOT_APPLICABLE,NOT_APPLICABLE,EXCLUDED_NON_OPERATIONAL_DUPLICATE_EXACT,NOT_APPLICABLE,NOT_APPLICABLE,NOT_APPLICABLE,manifests/sealed_cell_classification_authority.csv#NB-A01-LIVE-0010-C0013
NB-A01-LIVE-0010,NB-A01-LIVE-0010-C0014,14,14,de11be5e121a54f06b8b62e6f7ad14360302656f5d6a15c8d6d932d60bb2aed1,NON_OPERATIONAL,Sealed inventory classifies this occurrence as DUPLICATE_EXACT; it is not a runtime workflow cell.,NOT_APPLICABLE,NOT_APPLICABLE,NOT_APPLICABLE,NOT_APPLICABLE,EXCLUDED_NON_OPERATIONAL_DUPLICATE_EXACT,NOT_APPLICABLE,NOT_APPLICABLE,NOT_APPLICABLE,manifests/sealed_cell_classification_authority.csv#NB-A01-LIVE-0010-C0014
NB-A01-LIVE-0010,NB-A01-LIVE-0010-C0015,15,15,e3b0c44298fc1c149afbf4c8996fb92427ae41e4649b934ca495991b7852b855,NON_OPERATIONAL,Sealed inventory classifies this occurrence as DUPLICATE_EXACT; it is not a runtime workflow cell.,NOT_APPLICABLE,NOT_APPLICABLE,NOT_APPLICABLE,NOT_APPLICABLE,EXCLUDED_NON_OPERATIONAL_DUPLICATE_EXACT,NOT_APPLICABLE,NOT_APPLICABLE,NOT_APPLICABLE,manifests/sealed_cell_classification_authority.csv#NB-A01-LIVE-0010-C0015
NB-A01-LIVE-0011,NB-A01-LIVE-0011-C0000,0,0,fc0e6a8511cbb1a310110a0d523e997ee0847f1d2d8206ce23fa8b05688a213d,NON_OPERATIONAL,Sealed inventory classifies this occurrence as DUPLICATE_EXACT; it is not a runtime workflow cell.,NOT_APPLICABLE,NOT_APPLICABLE,NOT_APPLICABLE,NOT_APPLICABLE,EXCLUDED_NON_OPERATIONAL_DUPLICATE_EXACT,NOT_APPLICABLE,NOT_APPLICABLE,NOT_APPLICABLE,manifests/sealed_cell_classification_authority.csv#NB-A01-LIVE-0011-C0000
NB-A01-LIVE-0011,NB-A01-LIVE-0011-C0001,1,1,57f8f0b936c3949346d1160e0ba19cd384f0b5aa41b617a27e1a008adf4863a9,NON_OPERATIONAL,Sealed inventory classifies this occurrence as DUPLICATE_EXACT; it is not a runtime workflow cell.,NOT_APPLICABLE,NOT_APPLICABLE,NOT_APPLICABLE,NOT_APPLICABLE,EXCLUDED_NON_OPERATIONAL_DUPLICATE_EXACT,NOT_APPLICABLE,NOT_APPLICABLE,NOT_APPLICABLE,manifests/sealed_cell_classification_authority.csv#NB-A01-LIVE-0011-C0001
NB-A01-LIVE-0011,NB-A01-LIVE-0011-C0002,2,2,fb252cc2b814ea41b8d902c38a5e16dfdf342a293422c2e6f081a7f347e43c60,NON_OPERATIONAL,Sealed inventory classifies this occurrence as DUPLICATE_EXACT; it is not a runtime workflow cell.,NOT_APPLICABLE,NOT_APPLICABLE,NOT_APPLICABLE,NOT_APPLICABLE,EXCLUDED_NON_OPERATIONAL_DUPLICATE_EXACT,NOT_APPLICABLE,NOT_APPLICABLE,NOT_APPLICABLE,manifests/sealed_cell_classification_authority.csv#NB-A01-LIVE-0011-C0002
NB-A01-LIVE-0011,NB-A01-LIVE-0011-C0003,4,3,27a8f2de9f1dae99c279366235cefa5332327dce8cc916a6f4fedddb9ecf07f7,NON_OPERATIONAL,Sealed inventory classifies this occurrence as DUPLICATE_EXACT; it is not a runtime workflow cell.,NOT_APPLICABLE,NOT_APPLICABLE,NOT_APPLICABLE,NOT_APPLICABLE,EXCLUDED_NON_OPERATIONAL_DUPLICATE_EXACT,NOT_APPLICABLE,NOT_APPLICABLE,NOT_APPLICABLE,manifests/sealed_cell_classification_authority.csv#NB-A01-LIVE-0011-C0003
NB-A01-LIVE-0011,NB-A01-LIVE-0011-C0004,5,4,33ede3ed8531b9846e0cf0b328f17f347d7cc551fd04e63e9a67725ee35894c0,NON_OPERATIONAL,Sealed inventory classifies this occurrence as DUPLICATE_EXACT; it is not a runtime workflow cell.,NOT_APPLICABLE,NOT_APPLICABLE,NOT_APPLICABLE,NOT_APPLICABLE,EXCLUDED_NON_OPERATIONAL_DUPLICATE_EXACT,NOT_APPLICABLE,NOT_APPLICABLE,NOT_APPLICABLE,manifests/sealed_cell_classification_authority.csv#NB-A01-LIVE-0011-C0004
NB-A01-LIVE-0011,NB-A01-LIVE-0011-C0005,6,5,eb53bf1333ea25e8fbdad210a44075eeb6e5c845cd54f03f5c59394530b1d4d5,NON_OPERATIONAL,Sealed inventory classifies this occurrence as DUPLICATE_EXACT; it is not a runtime workflow cell.,NOT_APPLICABLE,NOT_APPLICABLE,NOT_APPLICABLE,NOT_APPLICABLE,EXCLUDED_NON_OPERATIONAL_DUPLICATE_EXACT,NOT_APPLICABLE,NOT_APPLICABLE,NOT_APPLICABLE,manifests/sealed_cell_classification_authority.csv#NB-A01-LIVE-0011-C0005
NB-A01-LIVE-0011,NB-A01-LIVE-0011-C0006,7,6,b565b64f6148aded61404bcd48366d1800f5e4399441ba4a4b513ab9589df1a2,NON_OPERATIONAL,Sealed inventory classifies this occurrence as DUPLICATE_EXACT; it is not a runtime workflow cell.,NOT_APPLICABLE,NOT_APPLICABLE,NOT_APPLICABLE,NOT_APPLICABLE,EXCLUDED_NON_OPERATIONAL_DUPLICATE_EXACT,NOT_APPLICABLE,NOT_APPLICABLE,NOT_APPLICABLE,manifests/sealed_cell_classification_authority.csv#NB-A01-LIVE-0011-C0006
NB-A01-LIVE-0011,NB-A01-LIVE-0011-C0007,8,7,679c770c5b9df47abf9c27ddabcb9ad50ef002bba8c36eb27a48593621386ec4,NON_OPERATIONAL,Sealed inventory classifies this occurrence as DUPLICATE_EXACT; it is not a runtime workflow cell.,NOT_APPLICABLE,NOT_APPLICABLE,NOT_APPLICABLE,NOT_APPLICABLE,EXCLUDED_NON_OPERATIONAL_DUPLICATE_EXACT,NOT_APPLICABLE,NOT_APPLICABLE,NOT_APPLICABLE,manifests/sealed_cell_classification_authority.csv#NB-A01-LIVE-0011-C0007
NB-A01-LIVE-0011,NB-A01-LIVE-0011-C0008,9,8,f037a176bae27bab75cd518257dbefeb67bff6ce9dd3729c0171a3ee0568508a,NON_OPERATIONAL,Sealed inventory classifies this occurrence as DUPLICATE_EXACT; it is not a runtime workflow cell.,NOT_APPLICABLE,NOT_APPLICABLE,NOT_APPLICABLE,NOT_APPLICABLE,EXCLUDED_NON_OPERATIONAL_DUPLICATE_EXACT,NOT_APPLICABLE,NOT_APPLICABLE,NOT_APPLICABLE,manifests/sealed_cell_classification_authority.csv#NB-A01-LIVE-0011-C0008
NB-A01-LIVE-0011,NB-A01-LIVE-0011-C0009,10,9,5b8b6d1c5726b4f2b04b2372122589a79a1130c31f279e36bf62b52ef5494ce0,NON_OPERATIONAL,Sealed inventory classifies this occurrence as DUPLICATE_EXACT; it is not a runtime workflow cell.,NOT_APPLICABLE,NOT_APPLICABLE,NOT_APPLICABLE,NOT_APPLICABLE,EXCLUDED_NON_OPERATIONAL_DUPLICATE_EXACT,NOT_APPLICABLE,NOT_APPLICABLE,NOT_APPLICABLE,manifests/sealed_cell_classification_authority.csv#NB-A01-LIVE-0011-C0009
NB-A01-LIVE-0011,NB-A01-LIVE-0011-C0010,11,10,e3b0c44298fc1c149afbf4c8996fb92427ae41e4649b934ca495991b7852b855,NON_OPERATIONAL,Sealed inventory classifies this occurrence as DUPLICATE_EXACT; it is not a runtime workflow cell.,NOT_APPLICABLE,NOT_APPLICABLE,NOT_APPLICABLE,NOT_APPLICABLE,EXCLUDED_NON_OPERATIONAL_DUPLICATE_EXACT,NOT_APPLICABLE,NOT_APPLICABLE,NOT_APPLICABLE,manifests/sealed_cell_classification_authority.csv#NB-A01-LIVE-0011-C0010
NB-A01-LIVE-0012,NB-A01-LIVE-0012-C0000,0,0,e1e61c644aee5fbf7baf12e900edb00dfa3468a20a7b86d7a0ec8f70437ec56f,NON_OPERATIONAL,Sealed inventory classifies this occurrence as EXCLUDED_WITH_REASON; it is not a runtime workflow cell.,NOT_APPLICABLE,NOT_APPLICABLE,NOT_APPLICABLE,NOT_APPLICABLE,EXCLUDED_NON_OPERATIONAL_EXCLUDED_WITH_REASON,NOT_APPLICABLE,NOT_APPLICABLE,NOT_APPLICABLE,manifests/sealed_cell_classification_authority.csv#NB-A01-LIVE-0012-C0000
NB-A01-LIVE-0012,NB-A01-LIVE-0012-C0001,1,1,4bda1e496ee93bf62a8f549aab74b28724993432c30088873b82c1cc02231c7f,NON_OPERATIONAL,Sealed inventory classifies this occurrence as EXCLUDED_WITH_REASON; it is not a runtime workflow cell.,NOT_APPLICABLE,NOT_APPLICABLE,NOT_APPLICABLE,NOT_APPLICABLE,EXCLUDED_NON_OPERATIONAL_EXCLUDED_WITH_REASON,NOT_APPLICABLE,NOT_APPLICABLE,NOT_APPLICABLE,manifests/sealed_cell_classification_authority.csv#NB-A01-LIVE-0012-C0001
NB-A01-LIVE-0012,NB-A01-LIVE-0012-C0002,2,2,993f2425d6b62786fdd47170414fc56d5dbededc3752b3b9c7547d72f9988e7d,NON_OPERATIONAL,Sealed inventory classifies this occurrence as EXCLUDED_WITH_REASON; it is not a runtime workflow cell.,NOT_APPLICABLE,NOT_APPLICABLE,NOT_APPLICABLE,NOT_APPLICABLE,EXCLUDED_NON_OPERATIONAL_EXCLUDED_WITH_REASON,NOT_APPLICABLE,NOT_APPLICABLE,NOT_APPLICABLE,manifests/sealed_cell_classification_authority.csv#NB-A01-LIVE-0012-C0002
NB-A01-LIVE-0012,NB-A01-LIVE-0012-C0003,3,3,e67b1fa566e66a65fde236fc6988d966b3c97cc39b5eaaa70df64c8242a6527b,NON_OPERATIONAL,Sealed inventory classifies this occurrence as EXCLUDED_WITH_REASON; it is not a runtime workflow cell.,NOT_APPLICABLE,NOT_APPLICABLE,NOT_APPLICABLE,NOT_APPLICABLE,EXCLUDED_NON_OPERATIONAL_EXCLUDED_WITH_REASON,NOT_APPLICABLE,NOT_APPLICABLE,NOT_APPLICABLE,manifests/sealed_cell_classification_authority.csv#NB-A01-LIVE-0012-C0003
NB-A01-LIVE-0012,NB-A01-LIVE-0012-C0004,4,4,be42aa07d12bea3245acd1e2593e5e43bfd16ab8fb7e83143a75f6b3c8b4fb0b,NON_OPERATIONAL,Sealed inventory classifies this occurrence as EXCLUDED_WITH_REASON; it is not a runtime workflow cell.,NOT_APPLICABLE,NOT_APPLICABLE,NOT_APPLICABLE,NOT_APPLICABLE,EXCLUDED_NON_OPERATIONAL_EXCLUDED_WITH_REASON,NOT_APPLICABLE,NOT_APPLICABLE,NOT_APPLICABLE,manifests/sealed_cell_classification_authority.csv#NB-A01-LIVE-0012-C0004
NB-A01-LIVE-0012,NB-A01-LIVE-0012-C0005,5,5,4ea3e4a0d697a8ce1762a8332a4916b0c1d45db19c0f2a9991691d455a6fe333,NON_OPERATIONAL,Sealed inventory classifies this occurrence as EXCLUDED_WITH_REASON; it is not a runtime workflow cell.,NOT_APPLICABLE,NOT_APPLICABLE,NOT_APPLICABLE,NOT_APPLICABLE,EXCLUDED_NON_OPERATIONAL_EXCLUDED_WITH_REASON,NOT_APPLICABLE,NOT_APPLICABLE,NOT_APPLICABLE,manifests/sealed_cell_classification_authority.csv#NB-A01-LIVE-0012-C0005
NB-A01-LIVE-0012,NB-A01-LIVE-0012-C0006,6,6,37a31c244b46126f18b37f651b070efcec1db4e7b749075d690177aae2917633,NON_OPERATIONAL,Sealed inventory classifies this occurrence as EXCLUDED_WITH_REASON; it is not a runtime workflow cell.,NOT_APPLICABLE,NOT_APPLICABLE,NOT_APPLICABLE,NOT_APPLICABLE,EXCLUDED_NON_OPERATIONAL_EXCLUDED_WITH_REASON,NOT_APPLICABLE,NOT_APPLICABLE,NOT_APPLICABLE,manifests/sealed_cell_classification_authority.csv#NB-A01-LIVE-0012-C0006
NB-A01-LIVE-0012,NB-A01-LIVE-0012-C0007,8,7,6a92258529099737f6d3b74c91c5c9445f7ddcfb6bc6142539008d0ed37fae78,NON_OPERATIONAL,Sealed inventory classifies this occurrence as EXCLUDED_WITH_REASON; it is not a runtime workflow cell.,NOT_APPLICABLE,NOT_APPLICABLE,NOT_APPLICABLE,NOT_APPLICABLE,EXCLUDED_NON_OPERATIONAL_EXCLUDED_WITH_REASON,NOT_APPLICABLE,NOT_APPLICABLE,NOT_APPLICABLE,manifests/sealed_cell_classification_authority.csv#NB-A01-LIVE-0012-C0007
NB-A01-LIVE-0012,NB-A01-LIVE-0012-C0008,9,8,bde33adb973e2d570d37400594844419b9e14a6907c087ad2cc0ff46d6b4f8fe,NON_OPERATIONAL,Sealed inventory classifies this occurrence as EXCLUDED_WITH_REASON; it is not a runtime workflow cell.,NOT_APPLICABLE,NOT_APPLICABLE,NOT_APPLICABLE,NOT_APPLICABLE,EXCLUDED_NON_OPERATIONAL_EXCLUDED_WITH_REASON,NOT_APPLICABLE,NOT_APPLICABLE,NOT_APPLICABLE,manifests/sealed_cell_classification_authority.csv#NB-A01-LIVE-0012-C0008
NB-A01-LIVE-0012,NB-A01-LIVE-0012-C0009,10,9,de11be5e121a54f06b8b62e6f7ad14360302656f5d6a15c8d6d932d60bb2aed1,NON_OPERATIONAL,Sealed inventory classifies this occurrence as EXCLUDED_WITH_REASON; it is not a runtime workflow cell.,NOT_APPLICABLE,NOT_APPLICABLE,NOT_APPLICABLE,NOT_APPLICABLE,EXCLUDED_NON_OPERATIONAL_EXCLUDED_WITH_REASON,NOT_APPLICABLE,NOT_APPLICABLE,NOT_APPLICABLE,manifests/sealed_cell_classification_authority.csv#NB-A01-LIVE-0012-C0009
NB-A01-LIVE-0012,NB-A01-LIVE-0012-C0010,11,10,e3b0c44298fc1c149afbf4c8996fb92427ae41e4649b934ca495991b7852b855,NON_OPERATIONAL,Sealed inventory classifies this occurrence as EXCLUDED_WITH_REASON; it is not a runtime workflow cell.,NOT_APPLICABLE,NOT_APPLICABLE,NOT_APPLICABLE,NOT_APPLICABLE,EXCLUDED_NON_OPERATIONAL_EXCLUDED_WITH_REASON,NOT_APPLICABLE,NOT_APPLICABLE,NOT_APPLICABLE,manifests/sealed_cell_classification_authority.csv#NB-A01-LIVE-0012-C0010
NB-LIVE-0001,NB-LIVE-0001-C0000,0,0,5f458551009ea653666f740ca440b7b7bea185688b23410a8ded1990ffe64650,OPERATIONAL,Sealed current operational cell mapped to a reviewed typed handler; many-to-one mappings preserve workflow ownership.,feature-extraction,"declared annotations, review labels, images, and local assets","merged annotations, split, feature pack, and feature table",writes only declared merged/split/feature outputs after authorization,PUBLIC_REQUIRED_IMPLEMENTED,compag_curation.domain.features:run_feature_extraction_workflow,extract-features --variant coco-features --plan,tests.test_mapped_symbol_contracts.MappedSymbolContractTests.test_run_feature_extraction_workflow_contract,manifests/sealed_cell_classification_authority.csv#NB-LIVE-0001-C0000
NB-LIVE-0001,NB-LIVE-0001-C0001,1,1,4bda1e496ee93bf62a8f549aab74b28724993432c30088873b82c1cc02231c7f,OPERATIONAL,Sealed current operational cell mapped to a reviewed typed handler; many-to-one mappings preserve workflow ownership.,feature-extraction,"declared annotations, review labels, images, and local assets","merged annotations, split, feature pack, and feature table",writes only declared merged/split/feature outputs after authorization,PUBLIC_REQUIRED_IMPLEMENTED,compag_curation.domain.features:run_feature_extraction_workflow,extract-features --variant coco-features --plan,tests.test_mapped_symbol_contracts.MappedSymbolContractTests.test_run_feature_extraction_workflow_contract,manifests/sealed_cell_classification_authority.csv#NB-LIVE-0001-C0001
NB-LIVE-0001,NB-LIVE-0001-C0002,2,2,993f2425d6b62786fdd47170414fc56d5dbededc3752b3b9c7547d72f9988e7d,OPERATIONAL,Sealed current operational cell mapped to a reviewed typed handler; many-to-one mappings preserve workflow ownership.,feature-extraction,"declared annotations, review labels, images, and local assets","merged annotations, split, feature pack, and feature table",writes only declared merged/split/feature outputs after authorization,PUBLIC_REQUIRED_IMPLEMENTED,compag_curation.domain.features:run_feature_extraction_workflow,extract-features --variant coco-features --plan,tests.test_mapped_symbol_contracts.MappedSymbolContractTests.test_run_feature_extraction_workflow_contract,manifests/sealed_cell_classification_authority.csv#NB-LIVE-0001-C0002
NB-LIVE-0001,NB-LIVE-0001-C0003,3,3,e67b1fa566e66a65fde236fc6988d966b3c97cc39b5eaaa70df64c8242a6527b,OPERATIONAL,Sealed current operational cell mapped to a reviewed typed handler; many-to-one mappings preserve workflow ownership.,feature-extraction,"declared annotations, review labels, images, and local assets","merged annotations, split, feature pack, and feature table",writes only declared merged/split/feature outputs after authorization,PUBLIC_REQUIRED_IMPLEMENTED,compag_curation.domain.features:run_feature_extraction_workflow,extract-features --variant coco-features --plan,tests.test_mapped_symbol_contracts.MappedSymbolContractTests.test_run_feature_extraction_workflow_contract,manifests/sealed_cell_classification_authority.csv#NB-LIVE-0001-C0003
NB-LIVE-0001,NB-LIVE-0001-C0004,4,4,87e05c9658822d7ec3bb8057e609f63d24bbe2f01685af6719700d13edcf71cc,OPERATIONAL,Sealed current operational cell mapped to a reviewed typed handler; many-to-one mappings preserve workflow ownership.,feature-extraction,"declared annotations, review labels, images, and local assets","merged annotations, split, feature pack, and feature table",writes only declared merged/split/feature outputs after authorization,PUBLIC_REQUIRED_IMPLEMENTED,compag_curation.domain.features:run_feature_extraction_workflow,extract-features --variant coco-features --plan,tests.test_mapped_symbol_contracts.MappedSymbolContractTests.test_run_feature_extraction_workflow_contract,manifests/sealed_cell_classification_authority.csv#NB-LIVE-0001-C0004
NB-LIVE-0001,NB-LIVE-0001-C0005,5,5,ad4749f98bec71a502f977e5ff1f47f3b0da6fa7afd0b3ad41685085023fc5da,OPERATIONAL,Sealed current operational cell mapped to a reviewed typed handler; many-to-one mappings preserve workflow ownership.,coco-xgb-training,declared feature/split inputs and local initial assets,model output directory,writes only declared model output after authorization,PUBLIC_REQUIRED_IMPLEMENTED,compag_curation.domain.training:run_coco_xgb_training,train --variant coco-xgb --plan,tests.test_mapped_symbol_contracts.MappedSymbolContractTests.test_run_coco_xgb_training_contract,manifests/sealed_cell_classification_authority.csv#NB-LIVE-0001-C0005
NB-LIVE-0001,NB-LIVE-0001-C0006,7,6,c5c8a9d44888c7cbd066ba67d4eb2262d0ab0f570d1827019aac396838dfce61,OPERATIONAL,Sealed current operational cell mapped to a reviewed typed handler; many-to-one mappings preserve workflow ownership.,coco-xgb-training,declared feature/split inputs and local initial assets,model output directory,writes only declared model output after authorization,PUBLIC_REQUIRED_IMPLEMENTED,compag_curation.domain.training:run_coco_xgb_training,train --variant coco-xgb --plan,tests.test_mapped_symbol_contracts.MappedSymbolContractTests.test_run_coco_xgb_training_contract,manifests/sealed_cell_classification_authority.csv#NB-LIVE-0001-C0006
NB-LIVE-0001,NB-LIVE-0001-C0007,8,7,e81cce553ab2b0f154df46b6dc42d15f18c72ef114baeae3f6a7daea1da60055,OPERATIONAL,Sealed current operational cell mapped to a reviewed typed handler; many-to-one mappings preserve workflow ownership.,feature-extraction,"declared annotations, review labels, images, and local assets","merged annotations, split, feature pack, and feature table",writes only declared merged/split/feature outputs after authorization,PUBLIC_REQUIRED_IMPLEMENTED,compag_curation.domain.features:run_feature_extraction_workflow,extract-features --variant coco-features --plan,tests.test_mapped_symbol_contracts.MappedSymbolContractTests.test_run_feature_extraction_workflow_contract,manifests/sealed_cell_classification_authority.csv#NB-LIVE-0001-C0007
NB-LIVE-0001,NB-LIVE-0001-C0008,10,8,86064eb3394410dc0ead5adc01098bace2bd327bd5529fb8a1536ae0ee022549,OPERATIONAL,Sealed current operational cell mapped to a reviewed typed handler; many-to-one mappings preserve workflow ownership.,single-image-inference,declared images and local model assets,prediction output directory,writes only declared prediction output after authorization,PUBLIC_REQUIRED_IMPLEMENTED,compag_curation.domain.inference:run_single_image_inference,infer --variant sam2-xgb --plan,tests.test_mapped_symbol_contracts.MappedSymbolContractTests.test_run_single_image_inference_contract,manifests/sealed_cell_classification_authority.csv#NB-LIVE-0001-C0008
NB-LIVE-0001,NB-LIVE-0001-C0009,11,9,d61ebd61cd968aeb5516c0e0a6532b793bea5267c8d5b96ed7180628c5eaad1b,OPERATIONAL,Sealed current operational cell mapped to a reviewed typed handler; many-to-one mappings preserve workflow ownership.,active-learning-review,"declared image root, detections, and images",human review decisions,opens an explicit human-review interface and writes declared review output,PUBLIC_REQUIRED_IMPLEMENTED,compag_curation.domain.review:run_al_review,review --variant al-review-ui --plan,tests.test_mapped_symbol_contracts.MappedSymbolContractTests.test_run_al_review_contract,manifests/sealed_cell_classification_authority.csv#NB-LIVE-0001-C0009
NB-LIVE-0001,NB-LIVE-0001-C0010,12,10,82b3f2b9cc4d2f377e43601d1b1a18957ae1a4e1699b9adb8f78aad87c3a65ba,OPERATIONAL,Sealed current operational cell mapped to a reviewed typed handler; many-to-one mappings preserve workflow ownership.,feature-extraction,"declared annotations, review labels, images, and local assets","merged annotations, split, feature pack, and feature table",writes only declared merged/split/feature outputs after authorization,PUBLIC_REQUIRED_IMPLEMENTED,compag_curation.domain.features:run_feature_extraction_workflow,extract-features --variant coco-features --plan,tests.test_mapped_symbol_contracts.MappedSymbolContractTests.test_run_feature_extraction_workflow_contract,manifests/sealed_cell_classification_authority.csv#NB-LIVE-0001-C0010
NB-LIVE-0001,NB-LIVE-0001-C0011,13,11,e3b0c44298fc1c149afbf4c8996fb92427ae41e4649b934ca495991b7852b855,NON_OPERATIONAL,Sealed inventory classifies this occurrence as NON_RUNTIME_DIAGNOSTIC; it is not a runtime workflow cell.,NOT_APPLICABLE,NOT_APPLICABLE,NOT_APPLICABLE,NOT_APPLICABLE,EXCLUDED_NON_OPERATIONAL_NON_RUNTIME_DIAGNOSTIC,NOT_APPLICABLE,NOT_APPLICABLE,NOT_APPLICABLE,manifests/sealed_cell_classification_authority.csv#NB-LIVE-0001-C0011
NB-LIVE-0001,NB-LIVE-0001-C0012,14,12,e3b0c44298fc1c149afbf4c8996fb92427ae41e4649b934ca495991b7852b855,NON_OPERATIONAL,Sealed inventory classifies this occurrence as NON_RUNTIME_DIAGNOSTIC; it is not a runtime workflow cell.,NOT_APPLICABLE,NOT_APPLICABLE,NOT_APPLICABLE,NOT_APPLICABLE,EXCLUDED_NON_OPERATIONAL_NON_RUNTIME_DIAGNOSTIC,NOT_APPLICABLE,NOT_APPLICABLE,NOT_APPLICABLE,manifests/sealed_cell_classification_authority.csv#NB-LIVE-0001-C0012
NB-LIVE-0004,NB-LIVE-0004-C0000,0,0,796b995053c01a7c5e0886d7975dce4cd0eb0635db6a86c634337e218568d2d4,OPERATIONAL,Sealed current operational cell mapped to a reviewed typed handler; many-to-one mappings preserve workflow ownership.,coverage-evaluation,declared predictions/annotations or review aggregates,evaluation output directory,writes only declared evaluation output after authorization,PUBLIC_REQUIRED_IMPLEMENTED,compag_curation.domain.evaluation:run_coverage_evaluation,evaluate --variant coverage-basic --plan,tests.test_mapped_symbol_contracts.MappedSymbolContractTests.test_run_coverage_evaluation_contract,manifests/sealed_cell_classification_authority.csv#NB-LIVE-0004-C0000
NB-LIVE-0004,NB-LIVE-0004-C0001,1,1,1f9f5f55a0628a736f94b4d76cfbbea783b29043aacbed95880d2299ff4ac37f,OPERATIONAL,Sealed current operational cell mapped to a reviewed typed handler; many-to-one mappings preserve workflow ownership.,coverage-evaluation,declared predictions/annotations or review aggregates,evaluation output directory,writes only declared evaluation output after authorization,PUBLIC_REQUIRED_IMPLEMENTED,compag_curation.domain.evaluation:run_coverage_evaluation,evaluate --variant coverage-basic --plan,tests.test_mapped_symbol_contracts.MappedSymbolContractTests.test_run_coverage_evaluation_contract,manifests/sealed_cell_classification_authority.csv#NB-LIVE-0004-C0001
NB-LIVE-0004,NB-LIVE-0004-C0002,2,2,460ca3f5086b6a16def680fc3f110b8287854d50ce5b0842ffbfb8155ff9123f,NON_OPERATIONAL,Sealed inventory classifies this occurrence as NON_RUNTIME_DIAGNOSTIC; it is not a runtime workflow cell.,NOT_APPLICABLE,NOT_APPLICABLE,NOT_APPLICABLE,NOT_APPLICABLE,EXCLUDED_NON_OPERATIONAL_NON_RUNTIME_DIAGNOSTIC,NOT_APPLICABLE,NOT_APPLICABLE,NOT_APPLICABLE,manifests/sealed_cell_classification_authority.csv#NB-LIVE-0004-C0002
NB-LIVE-0004,NB-LIVE-0004-C0003,3,3,347b535012e37bdfd9e542029b7ef22901f653cc68bbf22b35772db4827c7e95,OPERATIONAL,Sealed current operational cell mapped to a reviewed typed handler; many-to-one mappings preserve workflow ownership.,coverage-evaluation,declared predictions/annotations or review aggregates,evaluation output directory,writes only declared evaluation output after authorization,PUBLIC_REQUIRED_IMPLEMENTED,compag_curation.domain.evaluation:run_coverage_evaluation,evaluate --variant coverage-basic --plan,tests.test_mapped_symbol_contracts.MappedSymbolContractTests.test_run_coverage_evaluation_contract,manifests/sealed_cell_classification_authority.csv#NB-LIVE-0004-C0003
NB-LIVE-0004,NB-LIVE-0004-C0004,4,4,ad7145166d170b21f45a158154b672dc21b42c8e108e9f15cee45d4aa959c8cd,OPERATIONAL,Sealed current operational cell mapped to a reviewed typed handler; many-to-one mappings preserve workflow ownership.,coverage-evaluation,declared predictions/annotations or review aggregates,evaluation output directory,writes only declared evaluation output after authorization,PUBLIC_REQUIRED_IMPLEMENTED,compag_curation.domain.evaluation:run_coverage_evaluation,evaluate --variant coverage-basic --plan,tests.test_mapped_symbol_contracts.MappedSymbolContractTests.test_run_coverage_evaluation_contract,manifests/sealed_cell_classification_authority.csv#NB-LIVE-0004-C0004
NB-LIVE-0004,NB-LIVE-0004-C0005,6,5,e3ad03c3ae57f22a560454bcab3336519a562ada9e089bc97e854bf94b4ab00d,OPERATIONAL,Sealed current operational cell mapped to a reviewed typed handler; many-to-one mappings preserve workflow ownership.,coverage-evaluation,declared predictions/annotations or review aggregates,evaluation output directory,writes only declared evaluation output after authorization,PUBLIC_REQUIRED_IMPLEMENTED,compag_curation.domain.evaluation:run_coverage_evaluation,evaluate --variant coverage-basic --plan,tests.test_mapped_symbol_contracts.MappedSymbolContractTests.test_run_coverage_evaluation_contract,manifests/sealed_cell_classification_authority.csv#NB-LIVE-0004-C0005
NB-LIVE-0004,NB-LIVE-0004-C0006,7,6,9a813d4484b21b293f90c5c712303f139530a1fdca88905a6e35006be71b85df,OPERATIONAL,Sealed current operational cell mapped to a reviewed typed handler; many-to-one mappings preserve workflow ownership.,coverage-evaluation,declared predictions/annotations or review aggregates,evaluation output directory,writes only declared evaluation output after authorization,PUBLIC_REQUIRED_IMPLEMENTED,compag_curation.domain.evaluation:run_coverage_evaluation,evaluate --variant coverage-basic --plan,tests.test_mapped_symbol_contracts.MappedSymbolContractTests.test_run_coverage_evaluation_contract,manifests/sealed_cell_classification_authority.csv#NB-LIVE-0004-C0006
NB-LIVE-0004,NB-LIVE-0004-C0007,8,7,4a8d8ac6ab233bd5000e83b12930eed50e1bb867fb491477e05396a59ba8563e,NON_OPERATIONAL,Sealed inventory classifies this occurrence as NON_RUNTIME_DIAGNOSTIC; it is not a runtime workflow cell.,NOT_APPLICABLE,NOT_APPLICABLE,NOT_APPLICABLE,NOT_APPLICABLE,EXCLUDED_NON_OPERATIONAL_NON_RUNTIME_DIAGNOSTIC,NOT_APPLICABLE,NOT_APPLICABLE,NOT_APPLICABLE,manifests/sealed_cell_classification_authority.csv#NB-LIVE-0004-C0007
NB-LIVE-0005,NB-LIVE-0005-C0000,0,0,4f4c33a45129a0eab53520a4b27b6eba156c73609743419a1df38a2f2da0b96b,OPERATIONAL,Sealed current operational cell mapped to a reviewed typed handler; many-to-one mappings preserve workflow ownership.,artifact-transfer,declared source tree,verified destination tree,copies approved files to a declared absent destination,PUBLIC_REQUIRED_IMPLEMENTED,compag_curation.domain.transfer:transfer_result_tree,transfer --variant result-tree --plan,tests.test_mapped_symbol_contracts.MappedSymbolContractTests.test_transfer_result_tree_contract,manifests/sealed_cell_classification_authority.csv#NB-LIVE-0005-C0000
NB-LIVE-0005,NB-LIVE-0005-C0001,1,1,c56bec2eddb8abce86290cbce0c75040891325f383d7744a9ae75d517c964f72,NON_OPERATIONAL,Sealed inventory classifies this occurrence as NON_RUNTIME_DIAGNOSTIC; it is not a runtime workflow cell.,NOT_APPLICABLE,NOT_APPLICABLE,NOT_APPLICABLE,NOT_APPLICABLE,EXCLUDED_NON_OPERATIONAL_NON_RUNTIME_DIAGNOSTIC,NOT_APPLICABLE,NOT_APPLICABLE,NOT_APPLICABLE,manifests/sealed_cell_classification_authority.csv#NB-LIVE-0005-C0001
NB-LIVE-0005,NB-LIVE-0005-C0002,2,2,9c21652082ac1fc0db0be12adf7681574dc3a3ecc48212bc256a80206534bf95,OPERATIONAL,Sealed current operational cell mapped to a reviewed typed handler; many-to-one mappings preserve workflow ownership.,artifact-transfer,declared source tree,verified destination tree,copies approved files to a declared absent destination,PUBLIC_REQUIRED_IMPLEMENTED,compag_curation.domain.transfer:transfer_csv_text_probe,transfer --variant csv-and-text-probe --plan,tests.test_mapped_symbol_contracts.MappedSymbolContractTests.test_transfer_csv_text_probe_contract,manifests/sealed_cell_classification_authority.csv#NB-LIVE-0005-C0002
NB-LIVE-0005,NB-LIVE-0005-C0003,3,3,e14599f5aeb1bfebec51d21ee9920b27a7e9a93b028d3f1b128a39570a8e30f1,OPERATIONAL,Sealed current operational cell mapped to a reviewed typed handler; many-to-one mappings preserve workflow ownership.,dataset-summary,declared aggregate source tables,aggregate report directory,writes only declared aggregate report output after authorization,PUBLIC_REQUIRED_IMPLEMENTED,compag_curation.domain.reporting:summarize_dataset,report --variant dataset-summary --plan,tests.test_mapped_symbol_contracts.MappedSymbolContractTests.test_summarize_dataset_contract,manifests/sealed_cell_classification_authority.csv#NB-LIVE-0005-C0003
NB-LIVE-0005,NB-LIVE-0005-C0004,4,4,e3b0c44298fc1c149afbf4c8996fb92427ae41e4649b934ca495991b7852b855,NON_OPERATIONAL,Sealed inventory classifies this occurrence as NON_RUNTIME_DIAGNOSTIC; it is not a runtime workflow cell.,NOT_APPLICABLE,NOT_APPLICABLE,NOT_APPLICABLE,NOT_APPLICABLE,EXCLUDED_NON_OPERATIONAL_NON_RUNTIME_DIAGNOSTIC,NOT_APPLICABLE,NOT_APPLICABLE,NOT_APPLICABLE,manifests/sealed_cell_classification_authority.csv#NB-LIVE-0005-C0004
NB-LIVE-0006,NB-LIVE-0006-C0000,0,0,4f6f6d7ad450c3abf0eac39303f9709903cb930e4e26c7ccc881f4d7693d1cd0,OPERATIONAL,Sealed current operational cell mapped to a reviewed typed handler; many-to-one mappings preserve workflow ownership.,xgb-training,declared feature/split inputs and local initial assets,model output directory,writes only declared model output after authorization,PUBLIC_REQUIRED_IMPLEMENTED,compag_curation.domain.training:train_xgb_classic,train --variant xgb --plan,tests.test_mapped_symbol_contracts.MappedSymbolContractTests.test_train_xgb_classic_contract,manifests/sealed_cell_classification_authority.csv#NB-LIVE-0006-C0000
NB-LIVE-0006,NB-LIVE-0006-C0001,1,1,42b7463eac1adc96d685d97677f98699bf5770d03687c49e4f6f6f1f34f5e020,OPERATIONAL,Sealed current operational cell mapped to a reviewed typed handler; many-to-one mappings preserve workflow ownership.,xgb-training,declared feature/split inputs and local initial assets,model output directory,writes only declared model output after authorization,PUBLIC_REQUIRED_IMPLEMENTED,compag_curation.domain.training:train_xgb_classic,train --variant xgb --plan,tests.test_mapped_symbol_contracts.MappedSymbolContractTests.test_train_xgb_classic_contract,manifests/sealed_cell_classification_authority.csv#NB-LIVE-0006-C0001
NB-LIVE-0006,NB-LIVE-0006-C0002,3,2,573c814cf97e0f8f40bd7a0770d89b2681d9451e2e4456eec1c65c13a74e55cd,OPERATIONAL,Sealed current operational cell mapped to a reviewed typed handler; many-to-one mappings preserve workflow ownership.,xgb-training,declared feature/split inputs and local initial assets,model output directory,writes only declared model output after authorization,PUBLIC_REQUIRED_IMPLEMENTED,compag_curation.domain.training:train_xgb_classic,train --variant xgb --plan,tests.test_mapped_symbol_contracts.MappedSymbolContractTests.test_train_xgb_classic_contract,manifests/sealed_cell_classification_authority.csv#NB-LIVE-0006-C0002
NB-LIVE-0006,NB-LIVE-0006-C0003,4,3,e3b0c44298fc1c149afbf4c8996fb92427ae41e4649b934ca495991b7852b855,NON_OPERATIONAL,Sealed inventory classifies this occurrence as NON_RUNTIME_DIAGNOSTIC; it is not a runtime workflow cell.,NOT_APPLICABLE,NOT_APPLICABLE,NOT_APPLICABLE,NOT_APPLICABLE,EXCLUDED_NON_OPERATIONAL_NON_RUNTIME_DIAGNOSTIC,NOT_APPLICABLE,NOT_APPLICABLE,NOT_APPLICABLE,manifests/sealed_cell_classification_authority.csv#NB-LIVE-0006-C0003
NB-LIVE-0007,NB-LIVE-0007-C0000,0,0,1f0f8dd1d182ec9b712fc94a3befcaba26aa44f14d3f615872ff414df49dbebe,OPERATIONAL,Sealed current operational cell mapped to a reviewed typed handler; many-to-one mappings preserve workflow ownership.,xgb-training,declared feature/split inputs and local initial assets,model output directory,writes only declared model output after authorization,PUBLIC_REQUIRED_IMPLEMENTED,compag_curation.domain.training:train_xgb_main,train --variant xgb-main --plan,tests.test_mapped_symbol_contracts.MappedSymbolContractTests.test_train_xgb_main_contract,manifests/sealed_cell_classification_authority.csv#NB-LIVE-0007-C0000
NB-LIVE-0007,NB-LIVE-0007-C0001,1,1,52b93f295f188b68ab86ec7004d2d9c95903a5a8ae9d52ce8e60c5e1fdc68545,OPERATIONAL,Sealed current operational cell mapped to a reviewed typed handler; many-to-one mappings preserve workflow ownership.,xgb-training,declared feature/split inputs and local initial assets,model output directory,writes only declared model output after authorization,PUBLIC_REQUIRED_IMPLEMENTED,compag_curation.domain.training:train_xgb_main,train --variant xgb-main --plan,tests.test_mapped_symbol_contracts.MappedSymbolContractTests.test_train_xgb_main_contract,manifests/sealed_cell_classification_authority.csv#NB-LIVE-0007-C0001
NB-LIVE-0007,NB-LIVE-0007-C0002,2,2,e3b0c44298fc1c149afbf4c8996fb92427ae41e4649b934ca495991b7852b855,NON_OPERATIONAL,Sealed inventory classifies this occurrence as NON_RUNTIME_DIAGNOSTIC; it is not a runtime workflow cell.,NOT_APPLICABLE,NOT_APPLICABLE,NOT_APPLICABLE,NOT_APPLICABLE,EXCLUDED_NON_OPERATIONAL_NON_RUNTIME_DIAGNOSTIC,NOT_APPLICABLE,NOT_APPLICABLE,NOT_APPLICABLE,manifests/sealed_cell_classification_authority.csv#NB-LIVE-0007-C0002
NB-LIVE-0007,NB-LIVE-0007-C0003,3,3,e3b0c44298fc1c149afbf4c8996fb92427ae41e4649b934ca495991b7852b855,NON_OPERATIONAL,Sealed inventory classifies this occurrence as NON_RUNTIME_DIAGNOSTIC; it is not a runtime workflow cell.,NOT_APPLICABLE,NOT_APPLICABLE,NOT_APPLICABLE,NOT_APPLICABLE,EXCLUDED_NON_OPERATIONAL_NON_RUNTIME_DIAGNOSTIC,NOT_APPLICABLE,NOT_APPLICABLE,NOT_APPLICABLE,manifests/sealed_cell_classification_authority.csv#NB-LIVE-0007-C0003
NB-LIVE-0007,NB-LIVE-0007-C0004,4,4,e3b0c44298fc1c149afbf4c8996fb92427ae41e4649b934ca495991b7852b855,NON_OPERATIONAL,Sealed inventory classifies this occurrence as NON_RUNTIME_DIAGNOSTIC; it is not a runtime workflow cell.,NOT_APPLICABLE,NOT_APPLICABLE,NOT_APPLICABLE,NOT_APPLICABLE,EXCLUDED_NON_OPERATIONAL_NON_RUNTIME_DIAGNOSTIC,NOT_APPLICABLE,NOT_APPLICABLE,NOT_APPLICABLE,manifests/sealed_cell_classification_authority.csv#NB-LIVE-0007-C0004
NB-LIVE-0007,NB-LIVE-0007-C0005,5,5,2cc75b401d02675fc3130cff0829f18d11bb903dd6271632e03c36ab5286f71f,NON_OPERATIONAL,Sealed inventory classifies this occurrence as NON_RUNTIME_DIAGNOSTIC; it is not a runtime workflow cell.,NOT_APPLICABLE,NOT_APPLICABLE,NOT_APPLICABLE,NOT_APPLICABLE,EXCLUDED_NON_OPERATIONAL_NON_RUNTIME_DIAGNOSTIC,NOT_APPLICABLE,NOT_APPLICABLE,NOT_APPLICABLE,manifests/sealed_cell_classification_authority.csv#NB-LIVE-0007-C0005
NB-LIVE-0007,NB-LIVE-0007-C0006,6,6,f62d362af029cce932f1a3691ee34f87d4943c4066546a1beff8eb5ed7b9b98e,OPERATIONAL,Sealed current operational cell mapped to a reviewed typed handler; many-to-one mappings preserve workflow ownership.,xgb-training,declared feature/split inputs and local initial assets,model output directory,writes only declared model output after authorization,PUBLIC_REQUIRED_IMPLEMENTED,compag_curation.domain.training:train_xgb_main,train --variant xgb-main --plan,tests.test_mapped_symbol_contracts.MappedSymbolContractTests.test_train_xgb_main_contract,manifests/sealed_cell_classification_authority.csv#NB-LIVE-0007-C0006
NB-LIVE-0007,NB-LIVE-0007-C0007,7,7,64a250f4a8d47e88f7350344ecbe0c5d443014ae3b8f3ba78e2480b1803d11cb,OPERATIONAL,Sealed current operational cell mapped to a reviewed typed handler; many-to-one mappings preserve workflow ownership.,xgb-training,declared feature/split inputs and local initial assets,model output directory,writes only declared model output after authorization,PUBLIC_REQUIRED_IMPLEMENTED,compag_curation.domain.training:train_xgb_main,train --variant xgb-main --plan,tests.test_mapped_symbol_contracts.MappedSymbolContractTests.test_train_xgb_main_contract,manifests/sealed_cell_classification_authority.csv#NB-LIVE-0007-C0007
NB-LIVE-0007,NB-LIVE-0007-C0008,8,8,e3b0c44298fc1c149afbf4c8996fb92427ae41e4649b934ca495991b7852b855,NON_OPERATIONAL,Sealed inventory classifies this occurrence as NON_RUNTIME_DIAGNOSTIC; it is not a runtime workflow cell.,NOT_APPLICABLE,NOT_APPLICABLE,NOT_APPLICABLE,NOT_APPLICABLE,EXCLUDED_NON_OPERATIONAL_NON_RUNTIME_DIAGNOSTIC,NOT_APPLICABLE,NOT_APPLICABLE,NOT_APPLICABLE,manifests/sealed_cell_classification_authority.csv#NB-LIVE-0007-C0008
NB-LIVE-0008,NB-LIVE-0008-C0000,0,0,1afed926509510fff9757a4d315f3d6a7cdf7beb4ca21a5b3254c8c9353d48e7,OPERATIONAL,Sealed current operational cell mapped to a reviewed typed handler; many-to-one mappings preserve workflow ownership.,yolo-dataset-preparation,declared images/annotations and local model assets,proposal or dataset directory,writes only declared proposal/dataset outputs after authorization,PUBLIC_REQUIRED_IMPLEMENTED,compag_curation.domain.proposals:prepare_yolo_dataset,propose --variant yolo-dataset-preparation --plan,tests.test_mapped_symbol_contracts.MappedSymbolContractTests.test_prepare_yolo_dataset_contract,manifests/sealed_cell_classification_authority.csv#NB-LIVE-0008-C0000
NB-LIVE-0008,NB-LIVE-0008-C0001,1,1,d5ec93353d2b453dd3b566263b2c0df13c11f71b5c5c481a53998159fd31bc39,NON_OPERATIONAL,Sealed inventory classifies this occurrence as NON_RUNTIME_DIAGNOSTIC; it is not a runtime workflow cell.,NOT_APPLICABLE,NOT_APPLICABLE,NOT_APPLICABLE,NOT_APPLICABLE,EXCLUDED_NON_OPERATIONAL_NON_RUNTIME_DIAGNOSTIC,NOT_APPLICABLE,NOT_APPLICABLE,NOT_APPLICABLE,manifests/sealed_cell_classification_authority.csv#NB-LIVE-0008-C0001
NB-LIVE-0008,NB-LIVE-0008-C0002,2,2,9990b4c060a0936495b4cf677de8414b973c8ae79f15bd610ad647677cbc19ca,OPERATIONAL,Sealed current operational cell mapped to a reviewed typed handler; many-to-one mappings preserve workflow ownership.,local-yolo-training,declared feature/split inputs and local initial assets,model output directory,writes only declared model output after authorization,PUBLIC_REQUIRED_IMPLEMENTED,compag_curation.domain.training:train_yolo_local,train --variant yolo --plan,tests.test_mapped_symbol_contracts.MappedSymbolContractTests.test_train_yolo_local_contract,manifests/sealed_cell_classification_authority.csv#NB-LIVE-0008-C0002
NB-LIVE-0008,NB-LIVE-0008-C0003,3,3,e3b0c44298fc1c149afbf4c8996fb92427ae41e4649b934ca495991b7852b855,NON_OPERATIONAL,Sealed inventory classifies this occurrence as NON_RUNTIME_DIAGNOSTIC; it is not a runtime workflow cell.,NOT_APPLICABLE,NOT_APPLICABLE,NOT_APPLICABLE,NOT_APPLICABLE,EXCLUDED_NON_OPERATIONAL_NON_RUNTIME_DIAGNOSTIC,NOT_APPLICABLE,NOT_APPLICABLE,NOT_APPLICABLE,manifests/sealed_cell_classification_authority.csv#NB-LIVE-0008-C0003
NB-LIVE-0010,NB-LIVE-0010-C0000,0,0,8db8d2b93718603da83cf905632318056c939cc56f3ac4a72f5526266bcac93b,OPERATIONAL,Sealed current operational cell mapped to a reviewed typed handler; many-to-one mappings preserve workflow ownership.,meta-analysis,declared predictions/annotations or review aggregates,evaluation output directory,writes only declared evaluation output after authorization,PUBLIC_REQUIRED_IMPLEMENTED,compag_curation.domain.evaluation:run_meta_analysis,evaluate --variant meta-analysis --plan,tests.test_mapped_symbol_contracts.MappedSymbolContractTests.test_run_meta_analysis_contract,manifests/sealed_cell_classification_authority.csv#NB-LIVE-0010-C0000
NB-LIVE-0010,NB-LIVE-0010-C0001,1,1,4cf95ed857966d3d3ccb18d0fe0d35135a0e82dab7b0a5a653495ddf1c5794a4,OPERATIONAL,Sealed current operational cell mapped to a reviewed typed handler; many-to-one mappings preserve workflow ownership.,meta-analysis,declared predictions/annotations or review aggregates,evaluation output directory,writes only declared evaluation output after authorization,PUBLIC_REQUIRED_IMPLEMENTED,compag_curation.domain.evaluation:run_meta_analysis,evaluate --variant meta-analysis --plan,tests.test_mapped_symbol_contracts.MappedSymbolContractTests.test_run_meta_analysis_contract,manifests/sealed_cell_classification_authority.csv#NB-LIVE-0010-C0001
NB-LIVE-0010,NB-LIVE-0010-C0002,2,2,6aee43195837903e1242556e362c402a0f731b75e95e436be50d677378c7d754,OPERATIONAL,Sealed current operational cell mapped to a reviewed typed handler; many-to-one mappings preserve workflow ownership.,meta-analysis,declared predictions/annotations or review aggregates,evaluation output directory,writes only declared evaluation output after authorization,PUBLIC_REQUIRED_IMPLEMENTED,compag_curation.domain.evaluation:run_meta_analysis,evaluate --variant meta-analysis --plan,tests.test_mapped_symbol_contracts.MappedSymbolContractTests.test_run_meta_analysis_contract,manifests/sealed_cell_classification_authority.csv#NB-LIVE-0010-C0002
NB-LIVE-0010,NB-LIVE-0010-C0003,3,3,5863824d3a893d8e33d16b0c1c97dfe26c881d40a3f0b20256644195f423f2ae,OPERATIONAL,Sealed current operational cell mapped to a reviewed typed handler; many-to-one mappings preserve workflow ownership.,meta-analysis,declared predictions/annotations or review aggregates,evaluation output directory,writes only declared evaluation output after authorization,PUBLIC_REQUIRED_IMPLEMENTED,compag_curation.domain.evaluation:run_meta_analysis,evaluate --variant meta-analysis --plan,tests.test_mapped_symbol_contracts.MappedSymbolContractTests.test_run_meta_analysis_contract,manifests/sealed_cell_classification_authority.csv#NB-LIVE-0010-C0003
NB-LIVE-0010,NB-LIVE-0010-C0004,4,4,bad8135710ddf7f442fa0e774d6d8da07d49fad98b1946f4058d5e0592956f46,OPERATIONAL,Sealed current operational cell mapped to a reviewed typed handler; many-to-one mappings preserve workflow ownership.,meta-analysis,declared predictions/annotations or review aggregates,evaluation output directory,writes only declared evaluation output after authorization,PUBLIC_REQUIRED_IMPLEMENTED,compag_curation.domain.evaluation:run_meta_analysis,evaluate --variant meta-analysis --plan,tests.test_mapped_symbol_contracts.MappedSymbolContractTests.test_run_meta_analysis_contract,manifests/sealed_cell_classification_authority.csv#NB-LIVE-0010-C0004
NB-LIVE-0010,NB-LIVE-0010-C0005,5,5,13ba1195a7fd89ed74d6b3ae5a8d86ec6faad49daa4685d0d66405180f3ed9a0,OPERATIONAL,Sealed current operational cell mapped to a reviewed typed handler; many-to-one mappings preserve workflow ownership.,meta-analysis,declared predictions/annotations or review aggregates,evaluation output directory,writes only declared evaluation output after authorization,PUBLIC_REQUIRED_IMPLEMENTED,compag_curation.domain.evaluation:run_meta_analysis,evaluate --variant meta-analysis --plan,tests.test_mapped_symbol_contracts.MappedSymbolContractTests.test_run_meta_analysis_contract,manifests/sealed_cell_classification_authority.csv#NB-LIVE-0010-C0005
NB-LIVE-0010,NB-LIVE-0010-C0006,6,6,7540e871e2e55e005ac75cd3c9ce3ee96a71873c93259204e63655fd00e0ec76,OPERATIONAL,Sealed current operational cell mapped to a reviewed typed handler; many-to-one mappings preserve workflow ownership.,meta-analysis,declared predictions/annotations or review aggregates,evaluation output directory,writes only declared evaluation output after authorization,PUBLIC_REQUIRED_IMPLEMENTED,compag_curation.domain.evaluation:run_meta_analysis,evaluate --variant meta-analysis --plan,tests.test_mapped_symbol_contracts.MappedSymbolContractTests.test_run_meta_analysis_contract,manifests/sealed_cell_classification_authority.csv#NB-LIVE-0010-C0006
NB-LIVE-0010,NB-LIVE-0010-C0007,7,7,1766bd750ab4352fcb00be012825dd1f37c86780db321b9ef6befaa05547521e,OPERATIONAL,Sealed current operational cell mapped to a reviewed typed handler; many-to-one mappings preserve workflow ownership.,meta-analysis,declared predictions/annotations or review aggregates,evaluation output directory,writes only declared evaluation output after authorization,PUBLIC_REQUIRED_IMPLEMENTED,compag_curation.domain.evaluation:run_meta_analysis,evaluate --variant meta-analysis --plan,tests.test_mapped_symbol_contracts.MappedSymbolContractTests.test_run_meta_analysis_contract,manifests/sealed_cell_classification_authority.csv#NB-LIVE-0010-C0007
NB-LIVE-0010,NB-LIVE-0010-C0008,8,8,b5bb67ca6dcdd826abc922cdb34e0ef90651c144a56788998fc7635459594126,OPERATIONAL,Sealed current operational cell mapped to a reviewed typed handler; many-to-one mappings preserve workflow ownership.,meta-analysis,declared predictions/annotations or review aggregates,evaluation output directory,writes only declared evaluation output after authorization,PUBLIC_REQUIRED_IMPLEMENTED,compag_curation.domain.evaluation:run_meta_analysis,evaluate --variant meta-analysis --plan,tests.test_mapped_symbol_contracts.MappedSymbolContractTests.test_run_meta_analysis_contract,manifests/sealed_cell_classification_authority.csv#NB-LIVE-0010-C0008
NB-LIVE-0010,NB-LIVE-0010-C0009,9,9,98804e1955fe21812e2d075f670122d86a7f5db20cfe2053053c52d73e2d3c73,OPERATIONAL,Sealed current operational cell mapped to a reviewed typed handler; many-to-one mappings preserve workflow ownership.,meta-analysis,declared predictions/annotations or review aggregates,evaluation output directory,writes only declared evaluation output after authorization,PUBLIC_REQUIRED_IMPLEMENTED,compag_curation.domain.evaluation:run_meta_analysis,evaluate --variant meta-analysis --plan,tests.test_mapped_symbol_contracts.MappedSymbolContractTests.test_run_meta_analysis_contract,manifests/sealed_cell_classification_authority.csv#NB-LIVE-0010-C0009
NB-LIVE-0010,NB-LIVE-0010-C0010,10,10,46604cb76858aa893b4fb6e014817794768b4de44222707b8ba1daea144249e7,OPERATIONAL,Sealed current operational cell mapped to a reviewed typed handler; many-to-one mappings preserve workflow ownership.,meta-analysis,declared predictions/annotations or review aggregates,evaluation output directory,writes only declared evaluation output after authorization,PUBLIC_REQUIRED_IMPLEMENTED,compag_curation.domain.evaluation:run_meta_analysis,evaluate --variant meta-analysis --plan,tests.test_mapped_symbol_contracts.MappedSymbolContractTests.test_run_meta_analysis_contract,manifests/sealed_cell_classification_authority.csv#NB-LIVE-0010-C0010
NB-LIVE-0010,NB-LIVE-0010-C0011,11,11,37a94bc17d7c8928755338c6137c557ceec008754b46524377b4a3eb7aec763b,OPERATIONAL,Sealed current operational cell mapped to a reviewed typed handler; many-to-one mappings preserve workflow ownership.,meta-analysis,declared predictions/annotations or review aggregates,evaluation output directory,writes only declared evaluation output after authorization,PUBLIC_REQUIRED_IMPLEMENTED,compag_curation.domain.evaluation:run_meta_analysis,evaluate --variant meta-analysis --plan,tests.test_mapped_symbol_contracts.MappedSymbolContractTests.test_run_meta_analysis_contract,manifests/sealed_cell_classification_authority.csv#NB-LIVE-0010-C0011
NB-LIVE-0010,NB-LIVE-0010-C0012,12,12,fb6e85eda11228fd061f30674a92812f6a8b73b97b5c3a506da55e9d05f60f67,OPERATIONAL,Sealed current operational cell mapped to a reviewed typed handler; many-to-one mappings preserve workflow ownership.,meta-analysis,declared predictions/annotations or review aggregates,evaluation output directory,writes only declared evaluation output after authorization,PUBLIC_REQUIRED_IMPLEMENTED,compag_curation.domain.evaluation:run_meta_analysis,evaluate --variant meta-analysis --plan,tests.test_mapped_symbol_contracts.MappedSymbolContractTests.test_run_meta_analysis_contract,manifests/sealed_cell_classification_authority.csv#NB-LIVE-0010-C0012
NB-LIVE-0010,NB-LIVE-0010-C0013,13,13,4fe42ec8113ebe07d41a3ca0d03bfbd8183f8860a309d6ff33806a5321be6b9f,OPERATIONAL,Sealed current operational cell mapped to a reviewed typed handler; many-to-one mappings preserve workflow ownership.,meta-analysis,declared predictions/annotations or review aggregates,evaluation output directory,writes only declared evaluation output after authorization,PUBLIC_REQUIRED_IMPLEMENTED,compag_curation.domain.evaluation:run_meta_analysis,evaluate --variant meta-analysis --plan,tests.test_mapped_symbol_contracts.MappedSymbolContractTests.test_run_meta_analysis_contract,manifests/sealed_cell_classification_authority.csv#NB-LIVE-0010-C0013
NB-LIVE-0010,NB-LIVE-0010-C0014,14,14,5c25f19115107b61f9c01365d9debefea48bd7b286c7f4374188a1e0e30b0583,OPERATIONAL,Sealed current operational cell mapped to a reviewed typed handler; many-to-one mappings preserve workflow ownership.,meta-analysis,declared predictions/annotations or review aggregates,evaluation output directory,writes only declared evaluation output after authorization,PUBLIC_REQUIRED_IMPLEMENTED,compag_curation.domain.evaluation:run_meta_analysis,evaluate --variant meta-analysis --plan,tests.test_mapped_symbol_contracts.MappedSymbolContractTests.test_run_meta_analysis_contract,manifests/sealed_cell_classification_authority.csv#NB-LIVE-0010-C0014
NB-LIVE-0010,NB-LIVE-0010-C0015,15,15,37cc83d6586a6168bb41f32ef02cc78aa7bea85d3b2020672acb70adcb159525,OPERATIONAL,Sealed current operational cell mapped to a reviewed typed handler; many-to-one mappings preserve workflow ownership.,meta-analysis,declared predictions/annotations or review aggregates,evaluation output directory,writes only declared evaluation output after authorization,PUBLIC_REQUIRED_IMPLEMENTED,compag_curation.domain.evaluation:run_meta_analysis,evaluate --variant meta-analysis --plan,tests.test_mapped_symbol_contracts.MappedSymbolContractTests.test_run_meta_analysis_contract,manifests/sealed_cell_classification_authority.csv#NB-LIVE-0010-C0015
NB-LIVE-0010,NB-LIVE-0010-C0016,16,16,1140d26f07bb5a5025de533a6711fd473ba99281e3bd0af45e817d8fb7e7c09f,OPERATIONAL,Sealed current operational cell mapped to a reviewed typed handler; many-to-one mappings preserve workflow ownership.,meta-analysis,declared predictions/annotations or review aggregates,evaluation output directory,writes only declared evaluation output after authorization,PUBLIC_REQUIRED_IMPLEMENTED,compag_curation.domain.evaluation:run_meta_analysis,evaluate --variant meta-analysis --plan,tests.test_mapped_symbol_contracts.MappedSymbolContractTests.test_run_meta_analysis_contract,manifests/sealed_cell_classification_authority.csv#NB-LIVE-0010-C0016
NB-LIVE-0010,NB-LIVE-0010-C0017,17,17,045c8fafb7f7caad7d3d5754f3437bea9a68ef6dd2d39fb2109a537d55a7a966,OPERATIONAL,Sealed current operational cell mapped to a reviewed typed handler; many-to-one mappings preserve workflow ownership.,meta-analysis,declared predictions/annotations or review aggregates,evaluation output directory,writes only declared evaluation output after authorization,PUBLIC_REQUIRED_IMPLEMENTED,compag_curation.domain.evaluation:run_meta_analysis,evaluate --variant meta-analysis --plan,tests.test_mapped_symbol_contracts.MappedSymbolContractTests.test_run_meta_analysis_contract,manifests/sealed_cell_classification_authority.csv#NB-LIVE-0010-C0017
NB-LIVE-0010,NB-LIVE-0010-C0018,18,18,2b83698b5f51aaa3e871e682a88d7386b295e943e5e4663efd27f6f64db32244,OPERATIONAL,Sealed current operational cell mapped to a reviewed typed handler; many-to-one mappings preserve workflow ownership.,meta-analysis,declared predictions/annotations or review aggregates,evaluation output directory,writes only declared evaluation output after authorization,PUBLIC_REQUIRED_IMPLEMENTED,compag_curation.domain.evaluation:run_meta_analysis,evaluate --variant meta-analysis --plan,tests.test_mapped_symbol_contracts.MappedSymbolContractTests.test_run_meta_analysis_contract,manifests/sealed_cell_classification_authority.csv#NB-LIVE-0010-C0018
NB-LIVE-0010,NB-LIVE-0010-C0019,19,19,c252b96896f9fcb68748c94626b1a8eddb4ce0f2dfc7e819159d49abf882b12b,OPERATIONAL,Sealed current operational cell mapped to a reviewed typed handler; many-to-one mappings preserve workflow ownership.,meta-analysis,declared predictions/annotations or review aggregates,evaluation output directory,writes only declared evaluation output after authorization,PUBLIC_REQUIRED_IMPLEMENTED,compag_curation.domain.evaluation:run_meta_analysis,evaluate --variant meta-analysis --plan,tests.test_mapped_symbol_contracts.MappedSymbolContractTests.test_run_meta_analysis_contract,manifests/sealed_cell_classification_authority.csv#NB-LIVE-0010-C0019
NB-LIVE-0010,NB-LIVE-0010-C0020,20,20,c4b3356e45516b1194743e51f6bdb112246b948fcd7064eb1d4bc00c7f5190d8,OPERATIONAL,Sealed current operational cell mapped to a reviewed typed handler; many-to-one mappings preserve workflow ownership.,meta-analysis,declared predictions/annotations or review aggregates,evaluation output directory,writes only declared evaluation output after authorization,PUBLIC_REQUIRED_IMPLEMENTED,compag_curation.domain.evaluation:run_meta_analysis,evaluate --variant meta-analysis --plan,tests.test_mapped_symbol_contracts.MappedSymbolContractTests.test_run_meta_analysis_contract,manifests/sealed_cell_classification_authority.csv#NB-LIVE-0010-C0020
NB-LIVE-0010,NB-LIVE-0010-C0021,21,21,e3b0c44298fc1c149afbf4c8996fb92427ae41e4649b934ca495991b7852b855,NON_OPERATIONAL,Sealed inventory classifies this occurrence as NON_RUNTIME_DIAGNOSTIC; it is not a runtime workflow cell.,NOT_APPLICABLE,NOT_APPLICABLE,NOT_APPLICABLE,NOT_APPLICABLE,EXCLUDED_NON_OPERATIONAL_NON_RUNTIME_DIAGNOSTIC,NOT_APPLICABLE,NOT_APPLICABLE,NOT_APPLICABLE,manifests/sealed_cell_classification_authority.csv#NB-LIVE-0010-C0021
NB-LIVE-0011,NB-LIVE-0011-C0000,1,0,10d277ef7478e914a0258fddf29a97ee0ffd2bf473f09ddb239b4453bf6a7557,OPERATIONAL,Sealed current operational cell mapped to a reviewed typed handler; many-to-one mappings preserve workflow ownership.,border-tiny-evaluation,declared predictions/annotations or review aggregates,evaluation output directory,writes only declared evaluation output after authorization,PUBLIC_REQUIRED_IMPLEMENTED,compag_curation.domain.evaluation:run_border_tiny_evaluation,evaluate --variant border-tiny --plan,tests.test_mapped_symbol_contracts.MappedSymbolContractTests.test_run_border_tiny_evaluation_contract,manifests/sealed_cell_classification_authority.csv#NB-LIVE-0011-C0000
NB-LIVE-0011,NB-LIVE-0011-C0001,3,1,6bb28dbb287a98b26d99e18c42556844ae627ea2df4dd9b0e8551e0f145734ae,OPERATIONAL,Sealed current operational cell mapped to a reviewed typed handler; many-to-one mappings preserve workflow ownership.,border-tiny-evaluation,declared predictions/annotations or review aggregates,evaluation output directory,writes only declared evaluation output after authorization,PUBLIC_REQUIRED_IMPLEMENTED,compag_curation.domain.evaluation:run_border_tiny_evaluation,evaluate --variant border-tiny --plan,tests.test_mapped_symbol_contracts.MappedSymbolContractTests.test_run_border_tiny_evaluation_contract,manifests/sealed_cell_classification_authority.csv#NB-LIVE-0011-C0001
NB-LIVE-0011,NB-LIVE-0011-C0002,5,2,afcf17064e7b27113f8dd1aa8d5a108bebac8fdc125f39a3a476824063d05686,OPERATIONAL,Sealed current operational cell mapped to a reviewed typed handler; many-to-one mappings preserve workflow ownership.,border-tiny-evaluation,declared predictions/annotations or review aggregates,evaluation output directory,writes only declared evaluation output after authorization,PUBLIC_REQUIRED_IMPLEMENTED,compag_curation.domain.evaluation:run_border_tiny_evaluation,evaluate --variant border-tiny --plan,tests.test_mapped_symbol_contracts.MappedSymbolContractTests.test_run_border_tiny_evaluation_contract,manifests/sealed_cell_classification_authority.csv#NB-LIVE-0011-C0002
NB-LIVE-0011,NB-LIVE-0011-C0003,7,3,7e09a1b63f405e914a8b737b4abc3b2656527ddd90e80739114ee69ec395c56a,OPERATIONAL,Sealed current operational cell mapped to a reviewed typed handler; many-to-one mappings preserve workflow ownership.,border-tiny-evaluation,declared predictions/annotations or review aggregates,evaluation output directory,writes only declared evaluation output after authorization,PUBLIC_REQUIRED_IMPLEMENTED,compag_curation.domain.evaluation:run_border_tiny_evaluation,evaluate --variant border-tiny --plan,tests.test_mapped_symbol_contracts.MappedSymbolContractTests.test_run_border_tiny_evaluation_contract,manifests/sealed_cell_classification_authority.csv#NB-LIVE-0011-C0003
NB-LIVE-0011,NB-LIVE-0011-C0004,9,4,73b8404bd71d14d974e519be2126d76b96d210c51edb964b84d4c77143e87ac3,OPERATIONAL,Sealed current operational cell mapped to a reviewed typed handler; many-to-one mappings preserve workflow ownership.,border-tiny-evaluation,declared predictions/annotations or review aggregates,evaluation output directory,writes only declared evaluation output after authorization,PUBLIC_REQUIRED_IMPLEMENTED,compag_curation.domain.evaluation:run_border_tiny_evaluation,evaluate --variant border-tiny --plan,tests.test_mapped_symbol_contracts.MappedSymbolContractTests.test_run_border_tiny_evaluation_contract,manifests/sealed_cell_classification_authority.csv#NB-LIVE-0011-C0004
NB-LIVE-0011,NB-LIVE-0011-C0005,11,5,37f9ae8dab99f2266228526da4c5c6f63d12be5a80b2911700a9044d3f58a679,OPERATIONAL,Sealed current operational cell mapped to a reviewed typed handler; many-to-one mappings preserve workflow ownership.,border-tiny-evaluation,declared predictions/annotations or review aggregates,evaluation output directory,writes only declared evaluation output after authorization,PUBLIC_REQUIRED_IMPLEMENTED,compag_curation.domain.evaluation:run_border_tiny_evaluation,evaluate --variant border-tiny --plan,tests.test_mapped_symbol_contracts.MappedSymbolContractTests.test_run_border_tiny_evaluation_contract,manifests/sealed_cell_classification_authority.csv#NB-LIVE-0011-C0005
NB-LIVE-0011,NB-LIVE-0011-C0006,13,6,ed1e8e20243abdefeb735d01ea585b992d85402783d770616315989c9f6f29ae,OPERATIONAL,Sealed current operational cell mapped to a reviewed typed handler; many-to-one mappings preserve workflow ownership.,border-tiny-evaluation,declared predictions/annotations or review aggregates,evaluation output directory,writes only declared evaluation output after authorization,PUBLIC_REQUIRED_IMPLEMENTED,compag_curation.domain.evaluation:run_border_tiny_evaluation,evaluate --variant border-tiny --plan,tests.test_mapped_symbol_contracts.MappedSymbolContractTests.test_run_border_tiny_evaluation_contract,manifests/sealed_cell_classification_authority.csv#NB-LIVE-0011-C0006
NB-LIVE-0011,NB-LIVE-0011-C0007,14,7,e3b0c44298fc1c149afbf4c8996fb92427ae41e4649b934ca495991b7852b855,NON_OPERATIONAL,Sealed inventory classifies this occurrence as NON_RUNTIME_DIAGNOSTIC; it is not a runtime workflow cell.,NOT_APPLICABLE,NOT_APPLICABLE,NOT_APPLICABLE,NOT_APPLICABLE,EXCLUDED_NON_OPERATIONAL_NON_RUNTIME_DIAGNOSTIC,NOT_APPLICABLE,NOT_APPLICABLE,NOT_APPLICABLE,manifests/sealed_cell_classification_authority.csv#NB-LIVE-0011-C0007
NB-LIVE-0012,NB-LIVE-0012-C0000,0,0,be677b199ee8d45858cde37330cccf1e35e530b2b09c7e9499ab873bb0a345f1,OPERATIONAL,Sealed current operational cell mapped to a reviewed typed handler; many-to-one mappings preserve workflow ownership.,aggregate-reporting,declared aggregate source tables,aggregate report directory,writes only declared aggregate report output after authorization,PUBLIC_REQUIRED_IMPLEMENTED,compag_curation.domain.reporting:build_plots_report,report --variant plots --plan,tests.test_mapped_symbol_contracts.MappedSymbolContractTests.test_build_plots_report_contract,manifests/sealed_cell_classification_authority.csv#NB-LIVE-0012-C0000
NB-LIVE-0012,NB-LIVE-0012-C0001,1,1,bfed258b494954d122d02d64423beb955231fb91239bf47580accbc34c75218f,OPERATIONAL,Sealed current operational cell mapped to a reviewed typed handler; many-to-one mappings preserve workflow ownership.,aggregate-reporting,declared aggregate source tables,aggregate report directory,writes only declared aggregate report output after authorization,PUBLIC_REQUIRED_IMPLEMENTED,compag_curation.domain.reporting:build_plots_report,report --variant plots --plan,tests.test_mapped_symbol_contracts.MappedSymbolContractTests.test_build_plots_report_contract,manifests/sealed_cell_classification_authority.csv#NB-LIVE-0012-C0001
NB-LIVE-0012,NB-LIVE-0012-C0002,2,2,ae4b42db7d31ee014553b28bba2a85da638d9d3b881e1157d4332a88f1ca156c,OPERATIONAL,Sealed current operational cell mapped to a reviewed typed handler; many-to-one mappings preserve workflow ownership.,aggregate-reporting,declared aggregate source tables,aggregate report directory,writes only declared aggregate report output after authorization,PUBLIC_REQUIRED_IMPLEMENTED,compag_curation.domain.reporting:build_plots_report,report --variant plots --plan,tests.test_mapped_symbol_contracts.MappedSymbolContractTests.test_build_plots_report_contract,manifests/sealed_cell_classification_authority.csv#NB-LIVE-0012-C0002
NB-LIVE-0012,NB-LIVE-0012-C0003,3,3,fcd81a302fe6d8186e2656f17eeb85f3ed5d8567ac6601037a484e49bda6046a,OPERATIONAL,Sealed current operational cell mapped to a reviewed typed handler; many-to-one mappings preserve workflow ownership.,aggregate-reporting,declared aggregate source tables,aggregate report directory,writes only declared aggregate report output after authorization,PUBLIC_REQUIRED_IMPLEMENTED,compag_curation.domain.reporting:build_plots_report,report --variant plots --plan,tests.test_mapped_symbol_contracts.MappedSymbolContractTests.test_build_plots_report_contract,manifests/sealed_cell_classification_authority.csv#NB-LIVE-0012-C0003
NB-LIVE-0012,NB-LIVE-0012-C0004,4,4,e3b0c44298fc1c149afbf4c8996fb92427ae41e4649b934ca495991b7852b855,NON_OPERATIONAL,Sealed inventory classifies this occurrence as NON_RUNTIME_DIAGNOSTIC; it is not a runtime workflow cell.,NOT_APPLICABLE,NOT_APPLICABLE,NOT_APPLICABLE,NOT_APPLICABLE,EXCLUDED_NON_OPERATIONAL_NON_RUNTIME_DIAGNOSTIC,NOT_APPLICABLE,NOT_APPLICABLE,NOT_APPLICABLE,manifests/sealed_cell_classification_authority.csv#NB-LIVE-0012-C0004
NB-LIVE-0012,NB-LIVE-0012-C0005,5,5,bcd32135b1cb249ddc2aa4987f3a5c9d215181eb875d9ea2f996c209f48a0135,OPERATIONAL,Sealed current operational cell mapped to a reviewed typed handler; many-to-one mappings preserve workflow ownership.,aggregate-reporting,declared aggregate source tables,aggregate report directory,writes only declared aggregate report output after authorization,PUBLIC_REQUIRED_IMPLEMENTED,compag_curation.domain.reporting:build_plots_report,report --variant plots --plan,tests.test_mapped_symbol_contracts.MappedSymbolContractTests.test_build_plots_report_contract,manifests/sealed_cell_classification_authority.csv#NB-LIVE-0012-C0005
NB-LIVE-0012,NB-LIVE-0012-C0006,6,6,023e5215353a7087541d1a3dbc75634da6fe37f488d3c8f6785c2503a48a2f0a,OPERATIONAL,Sealed current operational cell mapped to a reviewed typed handler; many-to-one mappings preserve workflow ownership.,aggregate-reporting,declared aggregate source tables,aggregate report directory,writes only declared aggregate report output after authorization,PUBLIC_REQUIRED_IMPLEMENTED,compag_curation.domain.reporting:build_plots_report,report --variant plots --plan,tests.test_mapped_symbol_contracts.MappedSymbolContractTests.test_build_plots_report_contract,manifests/sealed_cell_classification_authority.csv#NB-LIVE-0012-C0006
NB-LIVE-0012,NB-LIVE-0012-C0007,7,7,576660b79c80a0966f795d4d743db90454d23d2fd3fc80be707c85e04b02cbc9,OPERATIONAL,Sealed current operational cell mapped to a reviewed typed handler; many-to-one mappings preserve workflow ownership.,aggregate-reporting,declared aggregate source tables,aggregate report directory,writes only declared aggregate report output after authorization,PUBLIC_REQUIRED_IMPLEMENTED,compag_curation.domain.reporting:build_plots_report,report --variant plots --plan,tests.test_mapped_symbol_contracts.MappedSymbolContractTests.test_build_plots_report_contract,manifests/sealed_cell_classification_authority.csv#NB-LIVE-0012-C0007
NB-LIVE-0012,NB-LIVE-0012-C0008,8,8,766b5a096a9b5bd36e22712d51ca493ad6b42a407886aec7fb144fc18dbcb24d,OPERATIONAL,Sealed current operational cell mapped to a reviewed typed handler; many-to-one mappings preserve workflow ownership.,aggregate-reporting,declared aggregate source tables,aggregate report directory,writes only declared aggregate report output after authorization,PUBLIC_REQUIRED_IMPLEMENTED,compag_curation.domain.reporting:build_plots_report,report --variant plots --plan,tests.test_mapped_symbol_contracts.MappedSymbolContractTests.test_build_plots_report_contract,manifests/sealed_cell_classification_authority.csv#NB-LIVE-0012-C0008
NB-LIVE-0012,NB-LIVE-0012-C0009,9,9,874d7ccee5e8aa26e6ddf75d1116b99344850edcb421d04ba0af5ed4c20593dc,OPERATIONAL,Sealed current operational cell mapped to a reviewed typed handler; many-to-one mappings preserve workflow ownership.,aggregate-reporting,declared aggregate source tables,aggregate report directory,writes only declared aggregate report output after authorization,PUBLIC_REQUIRED_IMPLEMENTED,compag_curation.domain.reporting:build_plots_report,report --variant plots --plan,tests.test_mapped_symbol_contracts.MappedSymbolContractTests.test_build_plots_report_contract,manifests/sealed_cell_classification_authority.csv#NB-LIVE-0012-C0009
NB-LIVE-0012,NB-LIVE-0012-C0010,10,10,4b0a7f2d1e1e6752945c2c90606cb38b2345ab710b2e61e524e9103f9bc47eec,OPERATIONAL,Sealed current operational cell mapped to a reviewed typed handler; many-to-one mappings preserve workflow ownership.,aggregate-reporting,declared aggregate source tables,aggregate report directory,writes only declared aggregate report output after authorization,PUBLIC_REQUIRED_IMPLEMENTED,compag_curation.domain.reporting:build_plots_report,report --variant plots --plan,tests.test_mapped_symbol_contracts.MappedSymbolContractTests.test_build_plots_report_contract,manifests/sealed_cell_classification_authority.csv#NB-LIVE-0012-C0010
NB-LIVE-0012,NB-LIVE-0012-C0011,11,11,430aff9d344bd47efafe477caea7b1dc72818f2ba27e518021d2cf7795a4f8e5,OPERATIONAL,Sealed current operational cell mapped to a reviewed typed handler; many-to-one mappings preserve workflow ownership.,aggregate-reporting,declared aggregate source tables,aggregate report directory,writes only declared aggregate report output after authorization,PUBLIC_REQUIRED_IMPLEMENTED,compag_curation.domain.reporting:build_plots_report,report --variant plots --plan,tests.test_mapped_symbol_contracts.MappedSymbolContractTests.test_build_plots_report_contract,manifests/sealed_cell_classification_authority.csv#NB-LIVE-0012-C0011
NB-LIVE-0012,NB-LIVE-0012-C0012,12,12,d3a6c7df15ac5ba991897333b6a1e467ff4e281cd672db99c52f4f0f8fe5c292,OPERATIONAL,Sealed current operational cell mapped to a reviewed typed handler; many-to-one mappings preserve workflow ownership.,aggregate-reporting,declared aggregate source tables,aggregate report directory,writes only declared aggregate report output after authorization,PUBLIC_REQUIRED_IMPLEMENTED,compag_curation.domain.reporting:build_plots_report,report --variant plots --plan,tests.test_mapped_symbol_contracts.MappedSymbolContractTests.test_build_plots_report_contract,manifests/sealed_cell_classification_authority.csv#NB-LIVE-0012-C0012
NB-LIVE-0012,NB-LIVE-0012-C0013,13,13,e3b0c44298fc1c149afbf4c8996fb92427ae41e4649b934ca495991b7852b855,NON_OPERATIONAL,Sealed inventory classifies this occurrence as NON_RUNTIME_DIAGNOSTIC; it is not a runtime workflow cell.,NOT_APPLICABLE,NOT_APPLICABLE,NOT_APPLICABLE,NOT_APPLICABLE,EXCLUDED_NON_OPERATIONAL_NON_RUNTIME_DIAGNOSTIC,NOT_APPLICABLE,NOT_APPLICABLE,NOT_APPLICABLE,manifests/sealed_cell_classification_authority.csv#NB-LIVE-0012-C0013
NB-LIVE-0012,NB-LIVE-0012-C0014,14,14,4136a223f5e2e6d57c3bfc7e6b7001bf86aeca89c0f5e6369c03156ad9159b78,OPERATIONAL,Sealed current operational cell mapped to a reviewed typed handler; many-to-one mappings preserve workflow ownership.,aggregate-reporting,declared aggregate source tables,aggregate report directory,writes only declared aggregate report output after authorization,PUBLIC_REQUIRED_IMPLEMENTED,compag_curation.domain.reporting:build_plots_report,report --variant plots --plan,tests.test_mapped_symbol_contracts.MappedSymbolContractTests.test_build_plots_report_contract,manifests/sealed_cell_classification_authority.csv#NB-LIVE-0012-C0014
NB-LIVE-0012,NB-LIVE-0012-C0015,15,15,d90bcc0123b67d726404324a1f585cfcf7e689fcb479daf1fae013d4418feac4,OPERATIONAL,Sealed current operational cell mapped to a reviewed typed handler; many-to-one mappings preserve workflow ownership.,aggregate-reporting,declared aggregate source tables,aggregate report directory,writes only declared aggregate report output after authorization,PUBLIC_REQUIRED_IMPLEMENTED,compag_curation.domain.reporting:build_plots_report,report --variant plots --plan,tests.test_mapped_symbol_contracts.MappedSymbolContractTests.test_build_plots_report_contract,manifests/sealed_cell_classification_authority.csv#NB-LIVE-0012-C0015
NB-LIVE-0012,NB-LIVE-0012-C0016,16,16,05decec3e40bce3c5015935500663b74a328ed4ed71cf0e677a6ab303c1aa7bd,OPERATIONAL,Sealed current operational cell mapped to a reviewed typed handler; many-to-one mappings preserve workflow ownership.,aggregate-reporting,declared aggregate source tables,aggregate report directory,writes only declared aggregate report output after authorization,PUBLIC_REQUIRED_IMPLEMENTED,compag_curation.domain.reporting:build_plots_report,report --variant plots --plan,tests.test_mapped_symbol_contracts.MappedSymbolContractTests.test_build_plots_report_contract,manifests/sealed_cell_classification_authority.csv#NB-LIVE-0012-C0016
NB-LIVE-0012,NB-LIVE-0012-C0017,17,17,d45b96ab8e4e45557ec625cfdc864e4a93278e0b1a0b9f2998e4f438b58fc30b,OPERATIONAL,Sealed current operational cell mapped to a reviewed typed handler; many-to-one mappings preserve workflow ownership.,aggregate-reporting,declared aggregate source tables,aggregate report directory,writes only declared aggregate report output after authorization,PUBLIC_REQUIRED_IMPLEMENTED,compag_curation.domain.reporting:build_plots_report,report --variant plots --plan,tests.test_mapped_symbol_contracts.MappedSymbolContractTests.test_build_plots_report_contract,manifests/sealed_cell_classification_authority.csv#NB-LIVE-0012-C0017
NB-LIVE-0012,NB-LIVE-0012-C0018,18,18,f1ffc3ca4cc4dbe3406a7e59078d62b584e47899a739d767e3a58b0ac2aa7af0,OPERATIONAL,Sealed current operational cell mapped to a reviewed typed handler; many-to-one mappings preserve workflow ownership.,aggregate-reporting,declared aggregate source tables,aggregate report directory,writes only declared aggregate report output after authorization,PUBLIC_REQUIRED_IMPLEMENTED,compag_curation.domain.reporting:build_plots_report,report --variant plots --plan,tests.test_mapped_symbol_contracts.MappedSymbolContractTests.test_build_plots_report_contract,manifests/sealed_cell_classification_authority.csv#NB-LIVE-0012-C0018
NB-LIVE-0012,NB-LIVE-0012-C0019,19,19,71969caca657f05165b8ac74508f2a704bf83910999772b5eda4a69e51760bde,OPERATIONAL,Sealed current operational cell mapped to a reviewed typed handler; many-to-one mappings preserve workflow ownership.,aggregate-reporting,declared aggregate source tables,aggregate report directory,writes only declared aggregate report output after authorization,PUBLIC_REQUIRED_IMPLEMENTED,compag_curation.domain.reporting:build_plots_report,report --variant plots --plan,tests.test_mapped_symbol_contracts.MappedSymbolContractTests.test_build_plots_report_contract,manifests/sealed_cell_classification_authority.csv#NB-LIVE-0012-C0019
NB-LIVE-0012,NB-LIVE-0012-C0020,20,20,3e304153dad81d82778396c7d96c10f524f82f36234822a23c85e26a1276d695,OPERATIONAL,Sealed current operational cell mapped to a reviewed typed handler; many-to-one mappings preserve workflow ownership.,aggregate-reporting,declared aggregate source tables,aggregate report directory,writes only declared aggregate report output after authorization,PUBLIC_REQUIRED_IMPLEMENTED,compag_curation.domain.reporting:build_plots_report,report --variant plots --plan,tests.test_mapped_symbol_contracts.MappedSymbolContractTests.test_build_plots_report_contract,manifests/sealed_cell_classification_authority.csv#NB-LIVE-0012-C0020
NB-LIVE-0012,NB-LIVE-0012-C0021,21,21,d0f7d91760932c8363f578855c3528a502d0fff59921e524b77473aa7ad86626,OPERATIONAL,Sealed current operational cell mapped to a reviewed typed handler; many-to-one mappings preserve workflow ownership.,aggregate-reporting,declared aggregate source tables,aggregate report directory,writes only declared aggregate report output after authorization,PUBLIC_REQUIRED_IMPLEMENTED,compag_curation.domain.reporting:build_plots_report,report --variant plots --plan,tests.test_mapped_symbol_contracts.MappedSymbolContractTests.test_build_plots_report_contract,manifests/sealed_cell_classification_authority.csv#NB-LIVE-0012-C0021
NB-LIVE-0012,NB-LIVE-0012-C0022,22,22,847b8d80ec273c1a8e8e33be48c8f2fc1593b541c1ba1da5b34ceeb65e3e980d,OPERATIONAL,Sealed current operational cell mapped to a reviewed typed handler; many-to-one mappings preserve workflow ownership.,aggregate-reporting,declared aggregate source tables,aggregate report directory,writes only declared aggregate report output after authorization,PUBLIC_REQUIRED_IMPLEMENTED,compag_curation.domain.reporting:build_plots_report,report --variant plots --plan,tests.test_mapped_symbol_contracts.MappedSymbolContractTests.test_build_plots_report_contract,manifests/sealed_cell_classification_authority.csv#NB-LIVE-0012-C0022
NB-LIVE-0012,NB-LIVE-0012-C0023,23,23,e1ba1edae6b20eca8aa2a87280d1d6ce94f38285d17877413d4a874a50a51a08,OPERATIONAL,Sealed current operational cell mapped to a reviewed typed handler; many-to-one mappings preserve workflow ownership.,aggregate-reporting,declared aggregate source tables,aggregate report directory,writes only declared aggregate report output after authorization,PUBLIC_REQUIRED_IMPLEMENTED,compag_curation.domain.reporting:build_plots_report,report --variant plots --plan,tests.test_mapped_symbol_contracts.MappedSymbolContractTests.test_build_plots_report_contract,manifests/sealed_cell_classification_authority.csv#NB-LIVE-0012-C0023
NB-LIVE-0012,NB-LIVE-0012-C0024,24,24,d4e415a981a6d48b1729cb66ff82b78b02113dbac87afc684a2ccffe49d9e23c,OPERATIONAL,Sealed current operational cell mapped to a reviewed typed handler; many-to-one mappings preserve workflow ownership.,aggregate-reporting,declared aggregate source tables,aggregate report directory,writes only declared aggregate report output after authorization,PUBLIC_REQUIRED_IMPLEMENTED,compag_curation.domain.reporting:build_plots_report,report --variant plots --plan,tests.test_mapped_symbol_contracts.MappedSymbolContractTests.test_build_plots_report_contract,manifests/sealed_cell_classification_authority.csv#NB-LIVE-0012-C0024
NB-LIVE-0012,NB-LIVE-0012-C0025,25,25,b4cd46a1c4cdde5fe5f144988f465044fcf1818d43d9a39aa8064c3f9966319d,OPERATIONAL,Sealed current operational cell mapped to a reviewed typed handler; many-to-one mappings preserve workflow ownership.,aggregate-reporting,declared aggregate source tables,aggregate report directory,writes only declared aggregate report output after authorization,PUBLIC_REQUIRED_IMPLEMENTED,compag_curation.domain.reporting:build_plots_report,report --variant plots --plan,tests.test_mapped_symbol_contracts.MappedSymbolContractTests.test_build_plots_report_contract,manifests/sealed_cell_classification_authority.csv#NB-LIVE-0012-C0025
NB-LIVE-0012,NB-LIVE-0012-C0026,26,26,30df681b167fcc05a334f6883d71516cc1e3ff524b337b646183da0a573b07b7,OPERATIONAL,Sealed current operational cell mapped to a reviewed typed handler; many-to-one mappings preserve workflow ownership.,aggregate-reporting,declared aggregate source tables,aggregate report directory,writes only declared aggregate report output after authorization,PUBLIC_REQUIRED_IMPLEMENTED,compag_curation.domain.reporting:build_plots_report,report --variant plots --plan,tests.test_mapped_symbol_contracts.MappedSymbolContractTests.test_build_plots_report_contract,manifests/sealed_cell_classification_authority.csv#NB-LIVE-0012-C0026
NB-LIVE-0012,NB-LIVE-0012-C0027,27,27,f6bf45a4f37e7ea55a8b6438f19b70ce6ecf6f8363ab939a63576f1932bfc0a1,OPERATIONAL,Sealed current operational cell mapped to a reviewed typed handler; many-to-one mappings preserve workflow ownership.,aggregate-reporting,declared aggregate source tables,aggregate report directory,writes only declared aggregate report output after authorization,PUBLIC_REQUIRED_IMPLEMENTED,compag_curation.domain.reporting:build_plots_report,report --variant plots --plan,tests.test_mapped_symbol_contracts.MappedSymbolContractTests.test_build_plots_report_contract,manifests/sealed_cell_classification_authority.csv#NB-LIVE-0012-C0027
NB-LIVE-0012,NB-LIVE-0012-C0028,28,28,42b7eee3fe7fa6f1f0259ac3b3c6eafac67d33b14297458b9bb2be22e01d6a8b,OPERATIONAL,Sealed current operational cell mapped to a reviewed typed handler; many-to-one mappings preserve workflow ownership.,aggregate-reporting,declared aggregate source tables,aggregate report directory,writes only declared aggregate report output after authorization,PUBLIC_REQUIRED_IMPLEMENTED,compag_curation.domain.reporting:build_plots_report,report --variant plots --plan,tests.test_mapped_symbol_contracts.MappedSymbolContractTests.test_build_plots_report_contract,manifests/sealed_cell_classification_authority.csv#NB-LIVE-0012-C0028
NB-LIVE-0012,NB-LIVE-0012-C0029,29,29,e3b0c44298fc1c149afbf4c8996fb92427ae41e4649b934ca495991b7852b855,NON_OPERATIONAL,Sealed inventory classifies this occurrence as NON_RUNTIME_DIAGNOSTIC; it is not a runtime workflow cell.,NOT_APPLICABLE,NOT_APPLICABLE,NOT_APPLICABLE,NOT_APPLICABLE,EXCLUDED_NON_OPERATIONAL_NON_RUNTIME_DIAGNOSTIC,NOT_APPLICABLE,NOT_APPLICABLE,NOT_APPLICABLE,manifests/sealed_cell_classification_authority.csv#NB-LIVE-0012-C0029
